flare_id,duration,att_in,peak_UTC,LC0_BKG,_id,GOES_class,GOES_flux,CFL_X_arcsec,CFL_Y_arcsec,start_UTC,end_UTC,LC0_PEAK_COUNTS_4S,LC0_BKG_COUNTS_4S,LC1_PEAK_COUNTS_4S,LC1_BKG_COUNTS_4S,LC2_PEAK_COUNTS_4S,LC2_BKG_COUNTS_4S,LC3_PEAK_COUNTS_4S,LC3_BKG_COUNTS_4S,LC4_PEAK_COUNTS_4S,LC4_BKG_COUNTS_4S
0,2211142339,2140,False,2022-11-14T23:39:36.113,277.03155642527105,18631,C2.3,2.2538017674378352e-06,,,2022-11-14T23:23:56.111,2022-11-14T23:59:36.115,3711,271.0,303,45.0,99,57.0,863,735.0,463,399.0
1,2211142324,112,False,2022-11-14T23:24:48.111,271.44915135159016,18639,C2.0,1.959793053174508e-06,,,2022-11-14T23:23:56.111,2022-11-14T23:25:48.111,735,271.0,91,45.0,91,57.0,799,735.0,431,399.0
2,2211142310,112,False,2022-11-14T23:10:52.110,277.03155642527105,18630,C2.2,2.2448430172516964e-06,,,2022-11-14T23:09:56.109,2022-11-14T23:11:48.110,543,271.0,67,45.0,75,57.0,799,735.0,431,399.0
3,2211142250,2924,False,2022-11-14T22:50:36.107,277.03155642527105,18629,C2.9,2.930118625954492e-06,,,2022-11-14T22:19:44.104,2022-11-14T23:08:28.109,6399,271.0,463,45.0,123,57.0,799,735.0,463,399.0
4,2211142151,2296,False,2022-11-14T21:51:20.101,277.03155642527105,18628,C4.4,4.387999979371671e-06,,,2022-11-14T21:29:48.099,2022-11-14T22:08:04.103,29695,271.0,2943,45.0,335,57.0,863,735.0,463,399.0
5,2211142143,60,False,2022-11-14T21:43:12.101,271.44915135159016,18638,C1.8,1.781964101610356e-06,,,2022-11-14T21:42:56.101,2022-11-14T21:43:56.101,863,271.0,83,45.0,67,57.0,799,735.0,431,399.0
6,2211142137,188,False,2022-11-14T21:37:16.100,271.44915135159016,18637,C1.8,1.840374920902832e-06,,,2022-11-14T21:36:04.100,2022-11-14T21:39:12.100,2943,271.0,367,45.0,83,57.0,799,735.0,463,399.0
7,2211142112,960,False,2022-11-14T21:12:44.097,277.03155642527105,18627,C2.6,2.601630058052251e-06,,,2022-11-14T21:10:16.097,2022-11-14T21:26:16.099,10751,271.0,1855,45.0,671,57.0,863,735.0,463,399.0
8,2211142102,152,False,2022-11-14T21:02:28.096,277.03155642527105,18626,C1.7,1.7188428955705604e-06,,,2022-11-14T21:02:00.096,2022-11-14T21:04:32.096,431,271.0,67,45.0,75,57.0,799,735.0,431,399.0
9,2211142040,1256,False,2022-11-14T20:40:16.194,277.03155642527105,18625,C2.4,2.3888007945060963e-06,,,2022-11-14T20:34:36.193,2022-11-14T20:55:32.095,3455,271.0,399,45.0,99,57.0,863,735.0,463,399.0
10,2211142014,108,False,2022-11-14T20:14:04.191,277.03155642527105,18624,C1.9,1.8682335394260008e-06,,,2022-11-14T20:13:20.191,2022-11-14T20:15:08.191,543,271.0,91,45.0,75,57.0,799,735.0,431,399.0
11,2211142005,444,False,2022-11-14T20:05:24.190,277.03155642527105,18623,C2.0,2.0304812551330542e-06,,,2022-11-14T20:02:56.190,2022-11-14T20:10:20.191,927,271.0,99,45.0,75,57.0,799,735.0,463,399.0
12,2211141925,3124,False,2022-11-14T19:25:20.186,277.03155642527105,18622,C5.1,5.123133178130956e-06,,,2022-11-14T19:06:04.184,2022-11-14T19:58:08.189,38911,271.0,5375,45.0,991,57.0,863,735.0,495,399.0
13,2211141901,96,False,2022-11-14T19:01:08.183,277.03155642527105,18621,C2.7,2.705156475713011e-06,,,2022-11-14T19:00:16.183,2022-11-14T19:01:52.183,735,271.0,75,45.0,75,57.0,799,735.0,431,399.0
14,2211141817,60,False,2022-11-14T18:17:52.179,266.4440321096412,18620,C4.1,4.0893478399084415e-06,,,2022-11-14T18:17:24.179,2022-11-14T18:18:24.179,5375,271.0,271,45.0,83,57.0,799,735.0,463,399.0
15,2211141807,512,False,2022-11-14T18:07:52.178,266.4440321096412,18619,C3.5,3.480772420516587e-06,,,2022-11-14T18:05:44.178,2022-11-14T18:14:16.179,4863,271.0,367,45.0,99,57.0,799,735.0,431,399.0
16,2211141757,148,False,2022-11-14T17:57:48.177,266.4440321096412,18618,C1.8,1.8210322423328762e-06,,,2022-11-14T17:57:00.177,2022-11-14T17:59:28.177,863,271.0,83,45.0,67,57.0,799,735.0,431,399.0
17,2211141744,384,False,2022-11-14T17:44:44.176,266.4440321096412,18617,C2.1,2.064417458313983e-06,,,2022-11-14T17:41:28.175,2022-11-14T17:47:52.176,991,271.0,107,45.0,83,57.0,863,735.0,431,399.0
18,2211141726,940,False,2022-11-14T17:26:32.173,266.4440321096412,18616,C5.1,5.111369773658225e-06,,,2022-11-14T17:24:04.173,2022-11-14T17:39:44.175,55295,271.0,7935,45.0,1087,57.0,927,735.0,431,399.0
19,2211141647,1736,False,2022-11-14T16:47:44.169,266.4440321096412,18615,C2.0,1.993099658648134e-06,,,2022-11-14T16:43:56.169,2022-11-14T17:12:52.172,1727,271.0,231,45.0,135,57.0,799,735.0,431,399.0
20,2211141642,56,False,2022-11-14T16:42:24.169,266.4440321096412,18614,C1.7,1.6805900031613419e-06,,,2022-11-14T16:41:52.169,2022-11-14T16:42:48.169,607,271.0,61,45.0,67,57.0,799,735.0,431,399.0
21,2211141555,2736,False,2022-11-14T15:55:08.164,266.4440321096412,18613,C1.7,1.7251890085390187e-06,,,2022-11-14T15:52:28.164,2022-11-14T16:38:04.168,1727,271.0,231,45.0,83,57.0,863,735.0,463,399.0
22,2211141541,836,False,2022-11-14T15:41:40.162,266.4440321096412,18612,C1.6,1.5508313708778587e-06,,,2022-11-14T15:36:24.162,2022-11-14T15:50:20.163,1471,271.0,271,45.0,99,57.0,799,735.0,463,399.0
23,2211141534,244,False,2022-11-14T15:34:32.162,266.4440321096412,18611,C1.4,1.3929330862083589e-06,,,2022-11-14T15:32:12.161,2022-11-14T15:36:16.162,735,271.0,99,45.0,75,57.0,799,735.0,431,399.0
24,2211141529,240,False,2022-11-14T15:29:20.161,266.4440321096412,18610,C1.4,1.3836498737873626e-06,,,2022-11-14T15:27:36.161,2022-11-14T15:31:36.161,735,271.0,91,45.0,75,57.0,799,735.0,431,399.0
25,2211141511,336,False,2022-11-14T15:11:24.159,266.4440321096412,18609,C1.5,1.526109031146916e-06,,,2022-11-14T15:09:44.159,2022-11-14T15:15:20.160,671,271.0,75,45.0,75,57.0,863,735.0,463,399.0
26,2211141455,1836,False,2022-11-14T14:55:08.158,266.4440321096412,18608,C1.6,1.6083523632914876e-06,,,2022-11-14T14:39:08.156,2022-11-14T15:09:44.159,1471,271.0,231,45.0,91,57.0,863,735.0,463,399.0
27,2211141433,96,False,2022-11-14T14:33:04.156,266.4440321096412,18607,C1.3,1.3073471336610964e-06,,,2022-11-14T14:32:20.155,2022-11-14T14:33:56.156,495,271.0,75,45.0,67,57.0,799,735.0,431,399.0
28,2211141426,28,False,2022-11-14T14:26:16.155,266.4440321096412,18606,C1.3,1.291795342694968e-06,,,2022-11-14T14:26:00.155,2022-11-14T14:26:28.155,335,271.0,49,45.0,67,57.0,799,735.0,431,399.0
29,2211141420,168,False,2022-11-14T14:20:32.154,266.4440321096412,18605,C1.4,1.4287674048318877e-06,,,2022-11-14T14:19:12.154,2022-11-14T14:22:00.154,799,271.0,99,45.0,83,57.0,799,735.0,431,399.0
30,2211141413,260,False,2022-11-14T14:13:04.153,266.4440321096412,18604,C1.5,1.516408815405157e-06,,,2022-11-14T14:11:00.153,2022-11-14T14:15:20.153,543,271.0,99,45.0,83,57.0,799,735.0,431,399.0
31,2211141337,1748,False,2022-11-14T13:37:48.150,266.4440321096412,18603,C7.5,7.499604635086143e-06,,,2022-11-14T13:34:36.149,2022-11-14T14:03:44.152,102399,271.0,12799,45.0,2431,57.0,1343,735.0,495,399.0
32,2211141302,1876,False,2022-11-14T13:02:48.146,266.4440321096412,18602,C1.9,1.9407809759286465e-06,,,2022-11-14T12:56:08.145,2022-11-14T13:27:24.148,4863,271.0,607,45.0,135,57.0,863,735.0,463,399.0
33,2211141254,60,False,2022-11-14T12:54:40.145,266.4440321096412,18601,C1.2,1.155975041911006e-06,,,2022-11-14T12:54:08.145,2022-11-14T12:55:08.145,399,271.0,67,45.0,67,57.0,799,735.0,463,399.0
34,2211141242,268,False,2022-11-14T12:42:24.144,266.4440321096412,18600,C1.2,1.1741386742869508e-06,,,2022-11-14T12:39:16.143,2022-11-14T12:43:44.144,399,271.0,57,45.0,67,57.0,863,735.0,431,399.0
35,2211141225,752,False,2022-11-14T12:25:48.142,266.4440321096412,18599,C1.2,1.1918150448764209e-06,,,2022-11-14T12:20:56.141,2022-11-14T12:33:28.143,607,271.0,67,45.0,75,57.0,799,735.0,463,399.0
36,2211141217,196,False,2022-11-14T12:17:08.141,266.4440321096412,18598,C1.1,1.1463424698376912e-06,,,2022-11-14T12:15:56.141,2022-11-14T12:19:12.141,543,271.0,135,45.0,123,57.0,799,735.0,431,399.0
37,2211141209,140,False,2022-11-14T12:09:52.140,266.4440321096412,18597,C1.2,1.2012815204798244e-06,,,2022-11-14T12:08:20.140,2022-11-14T12:10:40.140,495,271.0,83,45.0,83,57.0,799,735.0,431,399.0
38,2211141201,136,False,2022-11-14T12:01:44.139,266.4440321096412,18596,C1.2,1.21587640933285e-06,,,2022-11-14T12:01:08.139,2022-11-14T12:03:24.140,367,271.0,57,45.0,75,57.0,799,735.0,431,399.0
39,2211141128,3304,False,2022-11-14T11:28:48.136,266.4440321096412,18595,C2.0,1.9639169295260217e-06,,,2022-11-14T10:55:44.132,2022-11-14T11:50:48.138,4351,271.0,543,45.0,135,57.0,863,735.0,463,399.0
40,2211141036,596,False,2022-11-14T10:36:44.130,266.4440321096412,18594,C1.1,1.092274487746181e-06,,,2022-11-14T10:35:32.131,2022-11-14T10:45:28.131,799,271.0,167,45.0,83,57.0,799,735.0,431,399.0
41,2211141023,400,False,2022-11-14T10:23:16.130,259.10326862108855,18593,C1.3,1.3290022025103099e-06,,,2022-11-14T10:21:20.129,2022-11-14T10:28:00.130,2431,271.0,335,45.0,99,57.0,863,735.0,431,399.0
42,2211141016,204,False,2022-11-14T10:16:28.129,259.10326862108855,18592,B9.9,9.922290473696194e-07,,,2022-11-14T10:15:08.129,2022-11-14T10:18:32.129,367,271.0,57,45.0,67,57.0,799,735.0,431,399.0
43,2211141002,164,False,2022-11-14T10:02:32.127,259.10326862108855,18591,C1.1,1.122726644098293e-06,,,2022-11-14T10:01:32.127,2022-11-14T10:04:16.128,495,271.0,67,45.0,67,57.0,799,735.0,431,399.0
44,2211140955,84,False,2022-11-14T09:55:44.126,259.10326862108855,18590,C1.1,1.0826241805261816e-06,,,2022-11-14T09:55:20.126,2022-11-14T09:56:44.126,367,271.0,57,45.0,75,57.0,799,735.0,431,399.0
45,2211140949,96,False,2022-11-14T09:49:56.126,259.10326862108855,18589,C1.1,1.1123169088023133e-06,,,2022-11-14T09:49:12.125,2022-11-14T09:50:48.126,431,271.0,61,45.0,67,57.0,799,735.0,431,399.0
46,2211140944,216,False,2022-11-14T09:44:00.125,259.10326862108855,18588,C1.1,1.1483226671771263e-06,,,2022-11-14T09:42:28.125,2022-11-14T09:46:04.125,431,271.0,61,45.0,75,57.0,799,735.0,431,399.0
47,2211140937,208,False,2022-11-14T09:37:04.124,259.10326862108855,18587,C1.3,1.2837797385145677e-06,,,2022-11-14T09:35:12.124,2022-11-14T09:38:40.124,607,271.0,107,45.0,75,57.0,863,735.0,431,399.0
48,2211140926,192,False,2022-11-14T09:26:52.123,259.10326862108855,18586,C1.7,1.7125769318226958e-06,,,2022-11-14T09:25:16.123,2022-11-14T09:28:28.123,735,271.0,91,45.0,83,57.0,799,735.0,431,399.0
49,2211140916,352,False,2022-11-14T09:16:32.122,259.10326862108855,18585,C1.8,1.804712155717425e-06,,,2022-11-14T09:13:44.122,2022-11-14T09:19:36.122,2175,271.0,231,45.0,91,57.0,799,735.0,431,399.0
50,2211140847,2672,False,2022-11-14T08:47:28.119,259.10326862108855,18584,C2.4,2.444622623443138e-06,,,2022-11-14T08:28:44.117,2022-11-14T09:13:16.122,7423,271.0,1215,45.0,735,57.0,991,735.0,463,399.0
51,2211140826,180,False,2022-11-14T08:26:36.117,259.10326862108855,18583,C2.0,1.9622564195742598e-06,,,2022-11-14T08:25:24.117,2022-11-14T08:28:24.117,1343,271.0,115,45.0,75,57.0,799,735.0,431,399.0
52,2211140820,256,False,2022-11-14T08:20:08.116,259.10326862108855,18582,C2.1,2.131816700057243e-06,,,2022-11-14T08:18:12.116,2022-11-14T08:22:28.116,1727,271.0,151,45.0,83,57.0,863,735.0,431,399.0
53,2211140813,276,False,2022-11-14T08:13:04.115,259.10326862108855,18581,C2.2,2.2319527488434687e-06,,,2022-11-14T08:10:12.115,2022-11-14T08:14:48.116,1343,271.0,123,45.0,75,57.0,799,735.0,431,399.0
54,2211140804,492,False,2022-11-14T08:04:00.114,259.10326862108855,18580,C2.4,2.4343594304809812e-06,,,2022-11-14T08:01:00.114,2022-11-14T08:09:12.115,1599,271.0,115,45.0,75,57.0,863,735.0,431,399.0
55,2211140713,3356,False,2022-11-14T07:13:44.109,259.10326862108855,18579,C3.9,3.8546077121282e-06,,,2022-11-14T07:03:48.108,2022-11-14T07:59:44.114,17407,271.0,1599,45.0,231,57.0,863,735.0,463,399.0
56,2211140659,140,False,2022-11-14T06:59:00.108,259.10326862108855,18578,C2.4,2.418977373963571e-06,,,2022-11-14T06:58:00.107,2022-11-14T07:00:20.108,1215,271.0,91,45.0,75,57.0,799,735.0,431,399.0
57,2211140637,3276,False,2022-11-14T06:37:28.105,259.10326862108855,18577,C2.7,2.7011406018573325e-06,,,2022-11-14T06:01:08.101,2022-11-14T06:55:44.107,4351,271.0,399,45.0,99,57.0,799,735.0,463,399.0
58,2211140556,196,False,2022-11-14T05:56:48.101,259.10326862108855,18576,C1.5,1.4776829857510165e-06,,,2022-11-14T05:54:16.101,2022-11-14T05:57:32.101,543,271.0,67,45.0,75,57.0,799,735.0,431,399.0
59,2211140546,176,False,2022-11-14T05:46:00.100,259.10326862108855,18575,C1.5,1.5138538174142013e-06,,,2022-11-14T05:44:48.100,2022-11-14T05:47:44.100,543,271.0,67,45.0,75,57.0,799,735.0,431,399.0
60,2211140533,340,False,2022-11-14T05:33:16.099,259.10326862108855,18574,C1.5,1.5462115925402031e-06,,,2022-11-14T05:31:24.098,2022-11-14T05:37:04.099,735,271.0,91,45.0,75,57.0,863,735.0,431,399.0
61,2211140527,64,False,2022-11-14T05:27:00.098,259.10326862108855,18573,C1.6,1.5844424297029036e-06,,,2022-11-14T05:26:32.098,2022-11-14T05:27:36.098,463,271.0,61,45.0,75,57.0,863,735.0,431,399.0
62,2211140520,1284,False,2022-11-14T05:20:20.097,259.10326862108855,18572,C1.9,1.8929804355138913e-06,,,2022-11-14T05:04:12.096,2022-11-14T05:25:36.098,1983,271.0,247,45.0,91,57.0,799,735.0,431,399.0
63,2211140452,564,False,2022-11-14T04:52:04.094,259.10326862108855,18571,C1.8,1.7934703464561608e-06,,,2022-11-14T04:48:28.094,2022-11-14T04:57:52.095,1215,271.0,167,45.0,83,57.0,863,735.0,431,399.0
64,2211140443,76,False,2022-11-14T04:43:44.093,259.10326862108855,18570,C1.7,1.6546910046599805e-06,,,2022-11-14T04:43:00.093,2022-11-14T04:44:16.093,463,271.0,57,45.0,75,57.0,799,735.0,431,399.0
65,2211140427,1232,False,2022-11-14T04:27:40.092,259.10326862108855,18569,C2.0,1.9901522136933636e-06,,,2022-11-14T04:19:32.091,2022-11-14T04:40:04.093,1343,271.0,123,45.0,83,57.0,863,735.0,463,399.0
66,2211140351,2008,False,2022-11-14T03:51:00.088,259.10326862108855,18568,C3.7,3.662694780359743e-06,,,2022-11-14T03:41:24.087,2022-11-14T04:14:52.090,27647,271.0,3711,45.0,671,57.0,863,735.0,463,399.0
67,2211140329,724,False,2022-11-14T03:29:44.086,259.10326862108855,18567,C1.6,1.6030927554311347e-06,,,2022-11-14T03:26:44.085,2022-11-14T03:38:48.087,863,271.0,99,45.0,75,57.0,799,735.0,431,399.0
68,2211140253,2128,False,2022-11-14T02:53:20.082,259.10326862108855,18566,C3.3,3.3410690321034053e-06,,,2022-11-14T02:42:08.081,2022-11-14T03:17:36.084,5887,271.0,735,45.0,247,57.0,863,735.0,463,399.0
69,2211140205,420,False,2022-11-14T02:05:12.077,256.2881790900701,18565,C2.3,2.277502289871336e-06,,,2022-11-14T02:03:16.077,2022-11-14T02:10:16.077,6911,271.0,863,45.0,151,57.0,799,735.0,431,399.0
70,2211140155,212,False,2022-11-14T01:55:20.076,256.2881790900701,18564,C1.9,1.9247668205935042e-06,,,2022-11-14T01:52:40.075,2022-11-14T01:56:12.076,927,271.0,91,45.0,75,57.0,799,735.0,431,399.0
71,2211140116,1796,False,2022-11-14T01:16:12.072,256.2881790900701,18563,C3.4,3.4162992506026058e-06,,,2022-11-14T01:12:36.071,2022-11-14T01:47:40.075,8703,271.0,799,45.0,167,57.0,863,735.0,463,399.0
72,2211140109,88,False,2022-11-14T01:09:04.071,256.2881790900701,18562,C2.4,2.375458279857412e-06,,,2022-11-14T01:08:20.071,2022-11-14T01:09:48.071,1087,271.0,75,45.0,75,57.0,799,735.0,431,399.0
73,2211140037,2288,False,2022-11-14T00:37:56.068,256.2881790900701,18561,C4.2,4.178324161330238e-06,,,2022-11-14T00:29:56.067,2022-11-14T01:08:04.071,13823,271.0,1343,45.0,135,57.0,863,735.0,463,399.0
74,2211132356,2680,False,2022-11-13T23:56:56.064,256.2881790900701,18560,C2.9,2.9054692731733667e-06,,,2022-11-13T23:41:52.062,2022-11-14T00:26:32.067,5887,271.0,735,45.0,135,57.0,799,735.0,463,399.0
75,2211132336,144,False,2022-11-13T23:36:08.061,256.2881790900701,18559,C1.3,1.2651179304157267e-06,,,2022-11-13T23:35:08.061,2022-11-13T23:37:32.061,799,271.0,83,45.0,75,57.0,863,735.0,431,399.0
76,2211132327,240,False,2022-11-13T23:27:12.060,256.2881790900701,18558,C1.4,1.3561475498136133e-06,,,2022-11-13T23:25:36.060,2022-11-13T23:29:36.061,1343,271.0,183,45.0,99,57.0,799,735.0,463,399.0
77,2211132322,180,False,2022-11-13T23:22:12.060,256.2881790900701,18557,C1.2,1.1620402347034542e-06,,,2022-11-13T23:20:28.060,2022-11-13T23:23:28.060,543,271.0,67,45.0,83,57.0,799,735.0,463,399.0
78,2211132316,188,False,2022-11-13T23:16:16.059,256.2881790900701,18556,C1.1,1.1426294577177032e-06,,,2022-11-13T23:14:56.059,2022-11-13T23:18:04.059,1215,271.0,215,45.0,91,57.0,799,735.0,431,399.0
79,2211132308,60,False,2022-11-13T23:08:44.058,256.2881790900701,18555,C1.1,1.0859328085643938e-06,,,2022-11-13T23:08:16.058,2022-11-13T23:09:16.058,399,271.0,67,45.0,67,57.0,799,735.0,431,399.0
80,2211132302,272,False,2022-11-13T23:02:52.058,256.2881790900701,18554,C1.2,1.1894151157321176e-06,,,2022-11-13T23:01:32.058,2022-11-13T23:06:04.058,671,271.0,83,45.0,75,57.0,799,735.0,463,399.0
81,2211132246,820,False,2022-11-13T22:46:52.056,256.2881790900701,18553,C1.6,1.5839349316593143e-06,,,2022-11-13T22:41:20.055,2022-11-13T22:55:00.057,2431,271.0,247,45.0,83,57.0,799,735.0,431,399.0
82,2211132236,212,False,2022-11-13T22:36:32.055,256.2881790900701,18552,C1.3,1.2870269756604102e-06,,,2022-11-13T22:34:32.055,2022-11-13T22:38:04.055,543,271.0,75,45.0,75,57.0,799,735.0,431,399.0
83,2211132202,2032,False,2022-11-13T22:02:04.051,256.2881790900701,18551,C2.6,2.647064093252993e-06,,,2022-11-13T21:57:08.051,2022-11-13T22:31:00.054,14847,271.0,1727,45.0,271,57.0,799,735.0,463,399.0
84,2211132152,364,False,2022-11-13T21:52:04.051,256.2881790900701,18550,C1.0,1.015162297335337e-06,,,2022-11-13T21:50:12.051,2022-11-13T21:56:16.051,735,271.0,91,45.0,75,57.0,799,735.0,431,399.0
85,2211132142,164,False,2022-11-13T21:42:00.050,256.2881790900701,18549,B9.9,9.854907148110215e-07,,,2022-11-13T21:41:04.050,2022-11-13T21:43:48.050,431,271.0,61,45.0,67,57.0,799,735.0,431,399.0
86,2211132127,824,False,2022-11-13T21:27:16.048,256.2881790900701,18548,C1.3,1.2984386330572306e-06,,,2022-11-13T21:17:48.047,2022-11-13T21:31:32.049,1727,271.0,199,45.0,83,57.0,799,735.0,463,399.0
87,2211132103,144,False,2022-11-13T21:03:28.045,256.2881790900701,18547,B9.9,9.913686653817422e-07,,,2022-11-13T21:02:12.045,2022-11-13T21:04:36.045,399,271.0,67,45.0,83,57.0,799,735.0,431,399.0
88,2211132035,1312,False,2022-11-13T20:35:24.042,256.2881790900701,18546,C1.7,1.6592645124546834e-06,,,2022-11-13T20:29:44.042,2022-11-13T20:51:36.044,3711,271.0,335,45.0,83,57.0,863,735.0,463,399.0
89,2211132027,96,False,2022-11-13T20:27:40.041,256.2881790900701,18545,B9.4,9.380203209730098e-07,,,2022-11-13T20:27:00.041,2022-11-13T20:28:36.041,399,271.0,61,45.0,67,57.0,799,735.0,431,399.0
90,2211132004,1268,False,2022-11-13T20:04:28.039,256.2881790900701,18544,C1.8,1.8211779888588353e-06,,,2022-11-13T19:59:36.039,2022-11-13T20:20:44.041,11775,271.0,1343,45.0,271,57.0,799,735.0,463,399.0
91,2211131954,316,False,2022-11-13T19:54:40.038,256.2881790900701,18543,B9.0,8.988898798634182e-07,,,2022-11-13T19:51:40.038,2022-11-13T19:56:56.038,399,271.0,61,45.0,75,57.0,799,735.0,431,399.0
92,2211131945,72,False,2022-11-13T19:45:00.037,256.2881790900701,18542,B8.9,8.89455520791671e-07,,,2022-11-13T19:44:32.037,2022-11-13T19:45:44.037,335,271.0,49,45.0,75,57.0,799,735.0,431,399.0
93,2211131804,224,False,2022-11-13T18:04:48.027,230.26985207222438,18541,C1.4,1.3642322755913483e-06,,,2022-11-13T18:02:40.026,2022-11-13T18:06:24.027,1471,303.0,199,45.0,83,57.0,799,735.0,431,399.0
94,2211131754,392,False,2022-11-13T17:54:16.026,230.26985207222438,18540,C1.2,1.2184208344478975e-06,,,2022-11-13T17:51:32.025,2022-11-13T17:58:04.026,799,303.0,99,45.0,83,57.0,799,735.0,463,399.0
95,2211131727,1204,False,2022-11-13T17:27:00.022,230.26985207222438,18539,C1.4,1.3993427501191036e-06,,,2022-11-13T17:22:44.022,2022-11-13T17:42:48.024,1599,303.0,167,45.0,99,57.0,799,735.0,431,399.0
96,2211131718,96,False,2022-11-13T17:18:04.021,230.26985207222438,18538,C1.1,1.0819458111654967e-06,,,2022-11-13T17:17:20.021,2022-11-13T17:18:56.022,399,303.0,75,45.0,75,57.0,799,735.0,431,399.0
97,2211131710,420,False,2022-11-13T17:10:28.021,230.26985207222438,18537,C1.4,1.4165254924591864e-06,,,2022-11-13T17:07:08.020,2022-11-13T17:14:08.021,1343,303.0,135,45.0,75,57.0,863,735.0,463,399.0
98,2211131650,836,False,2022-11-13T16:50:56.019,230.26985207222438,18536,C1.2,1.2014874073429382e-06,,,2022-11-13T16:49:16.018,2022-11-13T17:03:12.020,1087,303.0,271,45.0,91,57.0,799,735.0,431,399.0
99,2211131606,2492,False,2022-11-13T16:06:56.014,230.26985207222438,18535,C1.5,1.5499101664318005e-06,,,2022-11-13T15:48:24.012,2022-11-13T16:29:56.016,2431,303.0,247,45.0,91,57.0,863,735.0,463,399.0
100,2211131533,800,False,2022-11-13T15:33:44.011,230.26985207222438,18534,C1.2,1.1781665989474277e-06,,,2022-11-13T15:25:04.010,2022-11-13T15:38:24.011,399,303.0,67,45.0,83,57.0,799,735.0,431,399.0
101,2211131517,56,False,2022-11-13T15:17:48.009,230.26985207222438,18533,C1.1,1.082281414710451e-06,,,2022-11-13T15:17:20.009,2022-11-13T15:18:16.009,335,303.0,53,45.0,67,57.0,799,735.0,431,399.0
102,2211131420,2736,False,2022-11-13T14:20:56.003,230.26985207222438,18532,C1.4,1.373119175696047e-06,,,2022-11-13T14:19:32.003,2022-11-13T15:05:08.008,991,303.0,123,45.0,83,57.0,863,735.0,463,399.0
103,2211131410,64,False,2022-11-13T14:10:12.002,230.26985207222438,18531,B8.7,8.740695420783595e-07,,,2022-11-13T14:09:28.002,2022-11-13T14:10:32.002,335,303.0,67,45.0,67,57.0,799,735.0,431,399.0
104,2211131401,444,False,2022-11-13T14:01:40.001,230.26985207222438,18530,B9.5,9.478886795477592e-07,,,2022-11-13T13:58:40.001,2022-11-13T14:06:04.001,463,303.0,75,45.0,75,57.0,863,735.0,463,399.0
105,2211131257,3068,False,2022-11-13T12:57:31.994,230.26985207222438,18529,C2.7,2.6719790184870362e-06,,,2022-11-13T12:49:27.993,2022-11-13T13:40:35.999,11775,303.0,863,45.0,199,57.0,799,735.0,463,399.0
106,2211131222,812,False,2022-11-13T12:22:35.990,230.26985207222438,18528,B9.4,9.380452752338897e-07,,,2022-11-13T12:21:15.990,2022-11-13T12:34:47.992,1087,303.0,123,45.0,83,57.0,799,735.0,463,399.0
107,2211131150,1672,False,2022-11-13T11:50:11.987,230.26985207222438,18527,B7.1,7.142236881918507e-07,,,2022-11-13T11:43:35.986,2022-11-13T12:11:27.989,495,303.0,67,45.0,83,57.0,863,735.0,463,399.0
108,2211131127,512,False,2022-11-13T11:27:15.985,230.26985207222438,18526,B8.5,8.493231575812388e-07,,,2022-11-13T11:21:23.984,2022-11-13T11:29:55.985,431,303.0,75,45.0,75,57.0,799,735.0,463,399.0
109,2211131112,680,False,2022-11-13T11:12:31.983,230.26985207222438,18525,B7.6,7.619599386998743e-07,,,2022-11-13T11:05:55.982,2022-11-13T11:17:15.984,543,303.0,135,45.0,115,57.0,799,735.0,463,399.0
110,2211131036,156,False,2022-11-13T10:36:59.989,230.26985207222438,18524,B7.4,7.355403113251668e-07,,,2022-11-13T10:35:59.989,2022-11-13T10:38:35.989,335,303.0,67,45.0,75,57.0,799,735.0,431,399.0
111,2211131023,224,False,2022-11-13T10:23:15.978,230.26985207222438,18523,B7.4,7.360687845903158e-07,,,2022-11-13T10:21:47.978,2022-11-13T10:25:31.988,543,303.0,151,45.0,107,57.0,863,735.0,463,399.0
112,2211131008,76,False,2022-11-13T10:08:31.976,230.26985241668694,18522,B7.3,7.273804385476978e-07,,,2022-11-13T10:08:03.976,2022-11-13T10:09:19.977,303,303.0,57,45.0,83,57.0,799,735.0,399,399.0
113,2211130949,420,False,2022-11-13T09:49:55.975,230.26985241668694,18521,B7.7,7.71306702063157e-07,,,2022-11-13T09:47:59.974,2022-11-13T09:54:59.975,431,303.0,75,45.0,75,57.0,799,735.0,463,399.0
114,2211130936,1904,False,2022-11-13T09:36:11.973,230.26985241668694,18520,B8.3,8.349122140316467e-07,,,2022-11-13T09:10:15.970,2022-11-13T09:41:59.974,607,303.0,115,45.0,99,57.0,799,735.0,463,399.0
115,2211130848,236,False,2022-11-13T08:48:59.968,230.26985241668694,18519,B7.8,7.838689839445578e-07,,,2022-11-13T08:47:15.968,2022-11-13T08:51:11.968,335,303.0,61,45.0,83,57.0,799,735.0,463,399.0
116,2211130827,980,False,2022-11-13T08:27:19.966,230.26985241668694,18518,B8.7,8.701999831828289e-07,,,2022-11-13T08:18:35.965,2022-11-13T08:34:55.966,495,303.0,75,45.0,83,57.0,863,735.0,431,399.0
117,2211130747,1472,False,2022-11-13T07:47:27.961,230.26985241668694,18517,C1.3,1.2740316606141278e-06,,,2022-11-13T07:42:11.961,2022-11-13T08:06:43.964,2687,303.0,399,45.0,167,57.0,799,735.0,463,399.0
118,2211130723,1324,False,2022-11-13T07:23:19.959,230.26985241668694,18516,B9.5,9.518042247691483e-07,,,2022-11-13T07:18:07.958,2022-11-13T07:40:11.961,735,303.0,75,45.0,83,57.0,863,735.0,463,399.0
119,2211130712,500,False,2022-11-13T07:12:43.958,230.26985241668694,18515,B8.8,8.750529332246515e-07,,,2022-11-13T07:09:11.957,2022-11-13T07:17:31.958,463,303.0,83,45.0,75,57.0,799,735.0,431,399.0
120,2211130649,636,False,2022-11-13T06:49:39.955,230.26985241668694,18514,C1.2,1.2287930530874291e-06,,,2022-11-13T06:46:31.955,2022-11-13T06:57:07.956,2175,303.0,271,45.0,115,57.0,799,735.0,431,399.0
121,2211130638,584,False,2022-11-13T06:38:47.954,230.26985241668694,18513,B9.7,9.68542281043483e-07,,,2022-11-13T06:33:51.954,2022-11-13T06:43:35.955,863,303.0,107,45.0,83,57.0,799,735.0,431,399.0
122,2211130630,172,False,2022-11-13T06:30:43.953,230.26985241668694,18512,B9.0,9.033792025547882e-07,,,2022-11-13T06:29:11.953,2022-11-13T06:32:03.954,671,303.0,91,45.0,75,57.0,799,735.0,431,399.0
123,2211130618,596,False,2022-11-13T06:18:15.952,230.26985241668694,18511,C4.1,4.073131094628479e-06,,,2022-11-13T06:14:43.952,2022-11-13T06:24:39.953,34815,303.0,4863,45.0,2431,57.0,1471,735.0,463,399.0
124,2211130608,236,False,2022-11-13T06:08:19.951,230.26985241668694,18510,B9.9,9.8992222774541e-07,,,2022-11-13T06:07:15.951,2022-11-13T06:11:11.951,463,303.0,57,45.0,83,57.0,799,735.0,431,399.0
125,2211130601,588,False,2022-11-13T06:01:19.950,230.26985241668694,18509,C1.1,1.139115852311079e-06,,,2022-11-13T05:55:03.950,2022-11-13T06:04:51.951,543,303.0,115,45.0,91,57.0,799,735.0,431,399.0
126,2211130536,1364,False,2022-11-13T05:36:27.948,230.26985241668694,18508,C1.2,1.1909270369869773e-06,,,2022-11-13T05:31:03.947,2022-11-13T05:53:47.950,927,303.0,99,45.0,91,57.0,799,735.0,431,399.0
127,2211130519,536,False,2022-11-13T05:19:23.946,230.26985241668694,18507,C1.1,1.1462215070423554e-06,,,2022-11-13T05:12:59.945,2022-11-13T05:21:55.946,543,303.0,75,45.0,83,57.0,799,735.0,463,399.0
128,2211130430,2556,False,2022-11-13T04:30:55.941,230.26985241668694,18506,C1.3,1.2845235914937803e-06,,,2022-11-13T04:28:03.941,2022-11-13T05:10:39.945,2175,303.0,151,45.0,91,57.0,863,735.0,463,399.0
129,2211130419,80,False,2022-11-13T04:19:43.940,230.26985241668694,18505,B9.0,9.012131840790971e-07,,,2022-11-13T04:18:59.940,2022-11-13T04:20:19.940,431,303.0,57,45.0,67,57.0,799,735.0,431,399.0
130,2211130413,336,False,2022-11-13T04:13:55.939,230.26985241668694,18504,C1.0,1.0244457371300086e-06,,,2022-11-13T04:12:15.939,2022-11-13T04:17:51.939,1087,303.0,303,45.0,231,57.0,863,735.0,431,399.0
131,2211130343,1960,False,2022-11-13T03:43:43.936,230.26985241668694,18503,B8.7,8.712331123206241e-07,,,2022-11-13T03:37:39.935,2022-11-13T04:10:19.939,1599,303.0,123,45.0,75,57.0,799,735.0,463,399.0
132,2211130331,76,False,2022-11-13T03:31:31.935,230.26985241668694,18502,B7.6,7.631591643075808e-07,,,2022-11-13T03:30:59.935,2022-11-13T03:32:15.935,303,303.0,61,45.0,75,57.0,799,735.0,431,399.0
133,2211130313,464,False,2022-11-13T03:13:15.933,230.26985241668694,18501,C1.1,1.0762566944322316e-06,,,2022-11-13T03:11:47.933,2022-11-13T03:19:31.933,1983,303.0,151,45.0,75,57.0,799,735.0,431,399.0
134,2211130244,136,False,2022-11-13T02:44:43.930,230.26985241668694,18500,B8.7,8.712185035619768e-07,,,2022-11-13T02:43:47.930,2022-11-13T02:46:03.930,303,303.0,61,45.0,75,57.0,799,735.0,431,399.0
135,2211130204,2000,False,2022-11-13T02:04:31.926,230.26985241668694,18499,C2.0,1.9552176127035636e-06,,,2022-11-13T01:56:19.925,2022-11-13T02:29:39.928,4863,303.0,607,45.0,215,57.0,863,735.0,463,399.0
136,2211130158,152,False,2022-11-13T01:58:15.925,230.92126936879603,18498,C1.3,1.2929705235364963e-06,,,2022-11-13T01:56:59.925,2022-11-13T01:59:31.925,2175,303.0,431,45.0,123,57.0,799,735.0,463,399.0
137,2211130142,324,False,2022-11-13T01:42:23.923,230.92126936879603,18497,B9.5,9.504406648375152e-07,,,2022-11-13T01:40:31.923,2022-11-13T01:45:55.924,399,303.0,57,45.0,83,57.0,799,735.0,431,399.0
138,2211130131,572,False,2022-11-13T01:31:11.922,230.92126936879603,18496,C1.0,1.0436071988806361e-06,,,2022-11-13T01:25:23.921,2022-11-13T01:34:55.922,543,303.0,83,45.0,75,57.0,799,735.0,431,399.0
139,2211130103,1284,False,2022-11-13T01:03:31.919,230.92126936879603,18495,C1.0,1.0055033499156707e-06,,,2022-11-13T00:59:27.919,2022-11-13T01:20:51.921,1599,303.0,135,45.0,151,57.0,799,735.0,463,399.0
140,2211130013,1028,False,2022-11-13T00:13:31.914,230.92126936879603,18494,C1.2,1.159133034889237e-06,,,2022-11-13T00:08:03.913,2022-11-13T00:25:11.915,863,303.0,91,45.0,83,57.0,799,735.0,463,399.0
141,2211122350,640,False,2022-11-12T23:50:39.897,230.92126936879603,18493,B8.9,8.895137852960033e-07,,,2022-11-12T23:48:23.897,2022-11-12T23:59:03.898,463,303.0,67,45.0,75,57.0,863,735.0,463,399.0
142,2211122324,688,False,2022-11-12T23:24:07.894,230.92126936879603,18492,B8.9,8.85113593085407e-07,,,2022-11-12T23:22:15.894,2022-11-12T23:33:43.895,543,303.0,107,45.0,75,57.0,863,735.0,431,399.0
143,2211122318,120,False,2022-11-12T23:18:47.894,230.92126936879603,18491,B8.4,8.366288852812431e-07,,,2022-11-12T23:17:47.893,2022-11-12T23:19:47.894,335,303.0,67,45.0,75,57.0,799,735.0,431,399.0
144,2211122312,556,False,2022-11-12T23:12:39.893,230.92126936879603,18490,B8.3,8.286882007269014e-07,,,2022-11-12T23:06:03.892,2022-11-12T23:15:19.893,335,303.0,67,45.0,75,57.0,799,735.0,431,399.0
145,2211122234,256,False,2022-11-12T22:34:03.889,230.92126936879603,18489,B8.9,8.88587294411991e-07,,,2022-11-12T22:31:35.889,2022-11-12T22:35:51.889,431,303.0,67,45.0,75,57.0,799,735.0,431,399.0
146,2211122228,460,False,2022-11-12T22:28:39.888,230.92126936879603,18488,B8.9,8.880915629561059e-07,,,2022-11-12T22:23:03.888,2022-11-12T22:30:43.889,399,303.0,75,45.0,99,57.0,799,735.0,463,399.0
147,2211122214,628,False,2022-11-12T22:14:31.887,230.92126936879603,18487,B9.8,9.809571110963589e-07,,,2022-11-12T22:12:03.887,2022-11-12T22:22:31.888,671,303.0,99,45.0,83,57.0,863,735.0,431,399.0
148,2211122153,812,False,2022-11-12T21:53:19.885,230.92126936879603,18486,C1.1,1.08502933926502e-06,,,2022-11-12T21:50:03.884,2022-11-12T22:03:35.886,1471,303.0,335,45.0,135,57.0,799,735.0,463,399.0
149,2211122140,68,False,2022-11-12T21:40:47.883,230.92126936879603,18485,B8.1,8.073599815361376e-07,,,2022-11-12T21:40:15.883,2022-11-12T21:41:23.884,303,303.0,67,45.0,75,57.0,799,735.0,431,399.0
150,2211122129,48,False,2022-11-12T21:29:23.882,230.92126936879603,18484,B8.4,8.39458209611621e-07,,,2022-11-12T21:28:51.882,2022-11-12T21:29:39.882,271,303.0,57,45.0,67,57.0,799,735.0,431,399.0
151,2211122040,2112,False,2022-11-12T20:40:03.877,230.92126936879603,18483,C1.0,1.011443146126112e-06,,,2022-11-12T20:34:19.877,2022-11-12T21:09:31.880,7423,303.0,399,45.0,107,57.0,863,735.0,463,399.0
152,2211122027,92,False,2022-11-12T20:27:43.876,230.92126936879603,18482,B9.7,9.692998901300598e-07,,,2022-11-12T20:27:03.876,2022-11-12T20:28:35.876,335,303.0,61,45.0,75,57.0,799,735.0,399,399.0
153,2211122009,332,False,2022-11-12T20:09:27.874,230.92126936879603,18481,C1.1,1.1147009217893356e-06,,,2022-11-12T20:07:07.874,2022-11-12T20:12:39.874,543,303.0,67,45.0,75,57.0,799,735.0,431,399.0
154,2211121949,484,False,2022-11-12T19:49:07.872,230.92126936879603,18480,C1.3,1.2940878377776244e-06,,,2022-11-12T19:45:39.872,2022-11-12T19:53:43.873,495,303.0,75,45.0,91,57.0,799,735.0,431,399.0
155,2211121810,276,False,2022-11-12T18:10:15.862,227.41858073008405,18479,C3.7,3.6997737424826482e-06,,,2022-11-12T18:08:43.862,2022-11-12T18:13:19.862,12799,247.0,863,45.0,107,57.0,799,735.0,463,399.0
156,2211121800,528,False,2022-11-12T18:00:31.861,227.41858073008405,18478,C6.5,6.548790224769618e-06,,,2022-11-12T17:58:51.861,2022-11-12T18:07:39.862,69631,247.0,8703,45.0,4863,57.0,2687,735.0,735,399.0
157,2211121751,276,False,2022-11-12T17:51:43.860,227.41858073008405,18477,C2.6,2.5582235139154363e-06,,,2022-11-12T17:49:39.860,2022-11-12T17:54:15.860,5375,247.0,335,45.0,91,57.0,799,735.0,431,399.0
158,2211121735,84,False,2022-11-12T17:35:27.858,227.41858073008405,18476,C1.8,1.7769244777809945e-06,,,2022-11-12T17:34:43.858,2022-11-12T17:36:07.858,1087,247.0,91,45.0,67,57.0,799,735.0,431,399.0
159,2211121633,3656,False,2022-11-12T16:33:15.952,227.41858073008405,18475,C3.0,3.0492501537082717e-06,,,2022-11-12T16:23:11.951,2022-11-12T17:24:07.857,6911,247.0,607,45.0,107,57.0,799,735.0,463,399.0
160,2211121613,120,False,2022-11-12T16:13:43.950,227.41858073008405,18474,B7.9,7.943570494717278e-07,,,2022-11-12T16:12:59.950,2022-11-12T16:14:59.950,367,247.0,67,45.0,75,57.0,799,735.0,431,399.0
161,2211121557,764,False,2022-11-12T15:57:07.948,227.41858073008405,18473,B9.9,9.93738126453536e-07,,,2022-11-12T15:49:35.947,2022-11-12T16:02:19.949,543,247.0,83,45.0,75,57.0,799,735.0,463,399.0
162,2211121534,1212,False,2022-11-12T15:34:47.946,227.41858073008405,18472,C1.6,1.5803659607627196e-06,,,2022-11-12T15:24:39.945,2022-11-12T15:44:51.947,2175,247.0,167,45.0,75,57.0,799,735.0,463,399.0
163,2211121453,2216,False,2022-11-12T14:53:47.942,227.41858073008405,18471,C2.3,2.3265060917765368e-06,,,2022-11-12T14:46:15.941,2022-11-12T15:23:11.945,7423,247.0,543,45.0,115,57.0,799,735.0,463,399.0
164,2211121443,200,False,2022-11-12T14:43:35.941,227.41858073008405,18470,B8.7,8.698214628566348e-07,,,2022-11-12T14:42:07.941,2022-11-12T14:45:27.941,799,247.0,107,45.0,83,57.0,799,735.0,431,399.0
165,2211121438,96,False,2022-11-12T14:38:15.940,227.41858073008405,18469,B7.7,7.664660301998083e-07,,,2022-11-12T14:37:15.940,2022-11-12T14:38:51.940,463,247.0,75,45.0,75,57.0,799,735.0,431,399.0
166,2211121430,288,False,2022-11-12T14:30:11.939,227.41858073008405,18468,B7.5,7.488728783755505e-07,,,2022-11-12T14:27:43.939,2022-11-12T14:32:31.940,991,247.0,123,45.0,75,57.0,799,735.0,431,399.0
167,2211121418,80,False,2022-11-12T14:18:59.938,227.41858073008405,18467,B6.2,6.208837248777854e-07,,,2022-11-12T14:18:23.938,2022-11-12T14:19:43.938,335,247.0,67,45.0,75,57.0,799,735.0,431,399.0
168,2211121411,328,False,2022-11-12T14:11:39.937,227.41858073008405,18466,B7.0,6.952843136787124e-07,,,2022-11-12T14:09:55.937,2022-11-12T14:15:23.938,607,247.0,83,45.0,83,57.0,799,735.0,431,399.0
169,2211121346,624,False,2022-11-12T13:46:55.935,227.41858073008405,18465,B6.1,6.112672394920082e-07,,,2022-11-12T13:39:03.934,2022-11-12T13:49:27.935,399,247.0,61,45.0,75,57.0,799,735.0,431,399.0
170,2211121334,156,False,2022-11-12T13:34:59.934,227.41858073008405,18464,B5.7,5.747623958995973e-07,,,2022-11-12T13:34:03.934,2022-11-12T13:36:39.934,335,247.0,61,45.0,75,57.0,799,735.0,431,399.0
171,2211121327,204,False,2022-11-12T13:27:39.933,227.41858073008405,18463,B5.7,5.723720164496626e-07,,,2022-11-12T13:26:07.933,2022-11-12T13:29:31.933,303,247.0,67,45.0,75,57.0,799,735.0,463,399.0
172,2211121258,380,False,2022-11-12T12:58:11.930,227.41858073008405,18462,B6.3,6.251511877053417e-07,,,2022-11-12T12:53:23.929,2022-11-12T12:59:43.930,543,247.0,67,45.0,83,57.0,799,735.0,431,399.0
173,2211121233,1400,False,2022-11-12T12:33:39.927,227.41858073008405,18461,B9.0,8.980512120615458e-07,,,2022-11-12T12:16:43.926,2022-11-12T12:40:03.928,1087,247.0,99,45.0,83,57.0,799,735.0,463,399.0
174,2211121213,96,False,2022-11-12T12:13:43.925,227.41858073008405,18460,B5.7,5.65902269045182e-07,,,2022-11-12T12:12:51.925,2022-11-12T12:14:27.925,303,247.0,67,45.0,67,57.0,799,735.0,431,399.0
175,2211121153,416,False,2022-11-12T11:53:23.923,227.41858073008405,18459,B7.3,7.260493362082343e-07,,,2022-11-12T11:50:39.923,2022-11-12T11:57:35.924,991,247.0,123,45.0,75,57.0,863,735.0,463,399.0
176,2211121141,432,False,2022-11-12T11:41:27.922,227.41858073008405,18458,B6.6,6.55648193514935e-07,,,2022-11-12T11:38:19.922,2022-11-12T11:45:31.922,367,247.0,67,45.0,75,57.0,799,735.0,431,399.0
177,2211121136,68,False,2022-11-12T11:36:23.922,227.41858073008405,18457,B6.0,6.028953976056073e-07,,,2022-11-12T11:35:51.922,2022-11-12T11:36:59.922,303,247.0,61,45.0,75,57.0,799,735.0,431,399.0
178,2211121104,108,False,2022-11-12T11:04:03.918,227.41858073008405,18456,B6.1,6.144643407424155e-07,,,2022-11-12T11:03:15.918,2022-11-12T11:05:03.918,335,247.0,83,45.0,75,57.0,799,735.0,431,399.0
179,2211121047,196,False,2022-11-12T10:47:23.916,227.41858073008405,18455,B6.7,6.651109174526937e-07,,,2022-11-12T10:45:55.916,2022-11-12T10:49:11.917,335,247.0,57,45.0,75,57.0,799,735.0,431,399.0
180,2211121028,260,False,2022-11-12T10:28:07.915,227.41858073008405,18454,B7.0,7.00254474850226e-07,,,2022-11-12T10:24:43.914,2022-11-12T10:29:03.915,271,247.0,61,45.0,75,57.0,799,735.0,463,399.0
181,2211120950,1260,False,2022-11-12T09:50:59.911,227.94365255069593,18452,B6.8,6.836812076471688e-07,,,2022-11-12T09:43:23.910,2022-11-12T10:04:23.912,607,247.0,91,45.0,83,57.0,799,735.0,463,399.0
182,2211120928,52,False,2022-11-12T09:28:15.908,227.94365255069593,18451,B5.2,5.209728328736674e-07,,,2022-11-12T09:27:55.908,2022-11-12T09:28:47.908,303,247.0,57,45.0,67,57.0,799,735.0,431,399.0
183,2211120911,108,False,2022-11-12T09:11:55.907,227.94365255069593,18450,B5.5,5.455827931655222e-07,,,2022-11-12T09:11:03.907,2022-11-12T09:12:51.907,303,247.0,67,45.0,75,57.0,799,735.0,431,399.0
184,2211120851,532,False,2022-11-12T08:51:59.905,227.94365255069593,18449,B6.0,6.007620072523423e-07,,,2022-11-12T08:50:23.905,2022-11-12T08:59:15.905,495,247.0,135,45.0,75,57.0,799,735.0,463,399.0
185,2211120843,92,False,2022-11-12T08:43:59.904,227.41858073008405,18453,B5.0,5.040637915953994e-07,,,2022-11-12T08:43:19.904,2022-11-12T08:44:51.904,271,247.0,53,45.0,67,57.0,799,735.0,431,399.0
186,2211120812,128,False,2022-11-12T08:12:35.901,227.94365255069593,18448,B5.8,5.84275369419629e-07,,,2022-11-12T08:11:43.901,2022-11-12T08:13:51.901,399,247.0,75,45.0,83,57.0,799,735.0,431,399.0
187,2211120800,124,False,2022-11-12T08:00:11.899,227.94365255069593,18447,B6.4,6.391916826942179e-07,,,2022-11-12T07:59:23.899,2022-11-12T08:01:27.899,303,247.0,67,45.0,75,57.0,799,735.0,463,399.0
188,2211120735,3468,False,2022-11-12T07:35:59.897,227.94365255069593,18446,C1.0,1.0470195093148504e-06,,,2022-11-12T06:49:15.892,2022-11-12T07:47:03.898,1727,247.0,167,45.0,83,57.0,863,735.0,463,399.0
189,2211120637,152,False,2022-11-12T06:37:23.891,227.94365255069593,18445,B6.2,6.233115072973305e-07,,,2022-11-12T06:36:07.891,2022-11-12T06:38:39.891,335,247.0,67,45.0,75,57.0,799,735.0,463,399.0
190,2211120627,1328,False,2022-11-12T06:27:11.890,227.94365255069593,18444,B6.7,6.746908525201434e-07,,,2022-11-12T06:12:43.888,2022-11-12T06:34:51.891,463,247.0,107,45.0,83,57.0,863,735.0,463,399.0
191,2211120605,724,False,2022-11-12T06:05:19.888,227.94365255069593,18443,B7.1,7.105883241820266e-07,,,2022-11-12T05:57:51.887,2022-11-12T06:09:55.888,863,247.0,215,45.0,91,57.0,799,735.0,463,399.0
192,2211120553,136,False,2022-11-12T05:53:55.886,227.94365255069593,18442,B6.1,6.10357460573141e-07,,,2022-11-12T05:53:07.886,2022-11-12T05:55:23.887,399,247.0,67,45.0,75,57.0,799,735.0,431,399.0
193,2211120527,172,False,2022-11-12T05:27:51.884,227.94365255069593,18441,B6.0,5.98652036387648e-07,,,2022-11-12T05:26:31.884,2022-11-12T05:29:23.884,335,247.0,67,45.0,75,57.0,799,735.0,463,399.0
194,2211120509,128,False,2022-11-12T05:09:55.882,227.94365255069593,18440,B5.6,5.587260147876805e-07,,,2022-11-12T05:09:07.882,2022-11-12T05:11:15.882,367,247.0,67,45.0,75,57.0,799,735.0,431,399.0
195,2211120503,84,False,2022-11-12T05:03:55.881,227.94365255069593,18439,B5.4,5.368965503294021e-07,,,2022-11-12T05:03:07.881,2022-11-12T05:04:31.881,303,247.0,67,45.0,75,57.0,799,735.0,463,399.0
196,2211120450,144,False,2022-11-12T04:50:43.880,227.94365255069593,18438,B5.3,5.303223815644742e-07,,,2022-11-12T04:49:43.880,2022-11-12T04:52:07.880,335,247.0,67,45.0,75,57.0,799,735.0,463,399.0
197,2211120438,324,False,2022-11-12T04:38:43.879,227.94365255069593,18437,B6.2,6.222585966497718e-07,,,2022-11-12T04:37:19.879,2022-11-12T04:42:43.879,1215,247.0,271,45.0,91,57.0,799,735.0,463,399.0
198,2211120431,536,False,2022-11-12T04:31:07.878,227.94365255069593,18436,B9.6,9.60439592745388e-07,,,2022-11-12T04:28:07.878,2022-11-12T04:37:03.879,2431,247.0,671,45.0,799,57.0,1087,735.0,463,399.0
199,2211120315,1300,False,2022-11-12T03:15:59.970,227.94365255069593,18435,B8.0,7.997459192665701e-07,,,2022-11-12T03:11:55.970,2022-11-12T03:33:35.872,1343,247.0,183,45.0,115,57.0,799,735.0,431,399.0
200,2211120304,92,False,2022-11-12T03:04:59.969,227.94365255069593,18434,B6.3,6.251644322219363e-07,,,2022-11-12T03:04:23.969,2022-11-12T03:05:55.969,303,247.0,61,45.0,75,57.0,799,735.0,431,399.0
201,2211120247,288,False,2022-11-12T02:47:55.967,227.94365255069593,18433,B7.3,7.316889423236717e-07,,,2022-11-12T02:46:31.967,2022-11-12T02:51:19.968,495,247.0,135,45.0,91,57.0,799,735.0,431,399.0
202,2211120220,1264,False,2022-11-12T02:20:19.964,227.94365255069593,18432,C4.6,4.59515513284714e-06,,,2022-11-12T02:14:59.964,2022-11-12T02:36:03.966,34815,247.0,3455,45.0,991,57.0,927,735.0,431,399.0
203,2211120152,108,False,2022-11-12T01:52:35.962,230.04934936816232,18431,B7.7,7.723466524112155e-07,,,2022-11-12T01:51:55.962,2022-11-12T01:53:43.962,303,247.0,67,45.0,75,57.0,799,735.0,431,399.0
204,2211120122,704,False,2022-11-12T01:22:11.959,230.04934936816232,18430,C1.1,1.1212354138478986e-06,,,2022-11-12T01:14:43.958,2022-11-12T01:26:27.959,671,247.0,99,45.0,83,57.0,799,735.0,463,399.0
205,2211120013,3576,False,2022-11-12T00:13:55.952,230.04934936816232,18429,M1.2,1.1710063517966773e-05,,,2022-11-12T00:06:43.951,2022-11-12T01:06:19.957,139263,247.0,12799,45.0,863,57.0,863,735.0,463,399.0
206,2211112315,1564,False,2022-11-11T23:15:11.946,230.04934936816232,18428,B9.6,9.577188393450342e-07,,,2022-11-11T23:00:47.944,2022-11-11T23:26:51.947,735,247.0,75,45.0,83,57.0,863,735.0,463,399.0
207,2211112226,1632,False,2022-11-11T22:26:51.941,230.04934936816232,18427,C1.2,1.1544565268195583e-06,,,2022-11-11T22:18:43.940,2022-11-11T22:45:55.943,1471,247.0,115,45.0,83,57.0,799,735.0,431,399.0
208,2211112207,412,False,2022-11-11T22:07:31.939,230.04934936816232,18426,B7.5,7.468237299690372e-07,,,2022-11-11T22:05:19.938,2022-11-11T22:12:11.939,399,247.0,67,45.0,75,57.0,799,735.0,463,399.0
209,2211112147,776,False,2022-11-11T21:47:51.937,230.04934936816232,18425,B7.7,7.720208259343053e-07,,,2022-11-11T21:43:11.936,2022-11-11T21:56:07.937,735,247.0,99,45.0,75,57.0,799,735.0,431,399.0
210,2211112119,500,False,2022-11-11T21:19:15.934,230.04934936816232,18424,B6.7,6.670888978987932e-07,,,2022-11-11T21:15:03.933,2022-11-11T21:23:23.934,335,247.0,67,45.0,75,57.0,799,735.0,431,399.0
211,2211112040,116,False,2022-11-11T20:40:32.030,230.04934936816232,18423,B6.5,6.457987069552473e-07,,,2022-11-11T20:39:52.030,2022-11-11T20:41:48.030,303,247.0,61,45.0,67,57.0,799,735.0,431,399.0
212,2211112034,160,False,2022-11-11T20:34:28.029,230.04934936816232,18422,B6.6,6.581556135643041e-07,,,2022-11-11T20:32:56.029,2022-11-11T20:35:36.029,335,247.0,67,45.0,75,57.0,799,735.0,463,399.0
213,2211112027,428,False,2022-11-11T20:27:32.028,230.04934936816232,18421,B6.5,6.482747494374053e-07,,,2022-11-11T20:25:00.028,2022-11-11T20:32:08.029,303,247.0,67,45.0,83,57.0,799,735.0,463,399.0
214,2211112006,728,False,2022-11-11T20:06:04.026,230.04934936816232,18420,B8.0,8.048405675253889e-07,,,2022-11-11T20:00:12.026,2022-11-11T20:12:20.027,607,247.0,75,45.0,83,57.0,799,735.0,431,399.0
215,2211111825,68,False,2022-11-11T18:25:16.016,226.36683999317526,18419,B8.3,8.307465577672701e-07,,,2022-11-11T18:24:28.016,2022-11-11T18:25:36.016,1599,247.0,367,45.0,199,57.0,799,735.0,431,399.0
216,2211111805,636,False,2022-11-11T18:05:24.014,226.36683999317526,18418,C1.5,1.4589506918127881e-06,,,2022-11-11T18:03:28.014,2022-11-11T18:14:04.015,4863,247.0,367,45.0,135,57.0,799,735.0,463,399.0
217,2211111747,1624,False,2022-11-11T17:47:24.012,226.36683999317526,18417,C1.6,1.5764828731335001e-06,,,2022-11-11T17:30:12.010,2022-11-11T17:57:16.013,5375,247.0,671,45.0,167,57.0,863,735.0,463,399.0
218,2211111702,408,False,2022-11-11T17:02:00.007,226.36683999317526,18416,B5.9,5.946175747340021e-07,,,2022-11-11T17:00:28.007,2022-11-11T17:07:16.008,367,247.0,67,45.0,75,57.0,799,735.0,431,399.0
219,2211111652,512,False,2022-11-11T16:52:08.006,226.36683999317526,18415,B6.1,6.126951461737917e-07,,,2022-11-11T16:46:16.006,2022-11-11T16:54:48.007,367,247.0,67,45.0,83,57.0,863,735.0,431,399.0
220,2211111639,208,False,2022-11-11T16:39:08.005,226.36683999317526,18414,B6.3,6.320922807390161e-07,,,2022-11-11T16:37:52.005,2022-11-11T16:41:20.005,335,247.0,61,45.0,75,57.0,799,735.0,431,399.0
221,2211111618,268,False,2022-11-11T16:18:32.003,226.36683999317526,18413,B6.4,6.359288136081886e-07,,,2022-11-11T16:16:52.003,2022-11-11T16:21:20.003,495,247.0,83,45.0,75,57.0,863,735.0,431,399.0
222,2211111609,100,False,2022-11-11T16:09:48.002,226.36683999317526,18412,B5.8,5.812217978018452e-07,,,2022-11-11T16:08:48.002,2022-11-11T16:10:28.002,303,247.0,67,45.0,75,57.0,799,735.0,463,399.0
223,2211111535,160,False,2022-11-11T15:35:35.999,226.36683999317526,18411,B5.8,5.785541929981264e-07,,,2022-11-11T15:34:23.999,2022-11-11T15:37:03.999,367,247.0,91,45.0,75,57.0,799,735.0,431,399.0
224,2211111523,496,False,2022-11-11T15:23:51.998,226.36683999317526,18410,B6.1,6.146404416540463e-07,,,2022-11-11T15:20:03.997,2022-11-11T15:28:19.998,399,247.0,115,45.0,83,57.0,863,735.0,431,399.0
225,2211111506,92,False,2022-11-11T15:06:23.996,226.36683999317526,18409,B5.7,5.678055003954796e-07,,,2022-11-11T15:05:51.996,2022-11-11T15:07:23.996,303,247.0,67,45.0,75,57.0,799,735.0,463,399.0
226,2211111441,364,False,2022-11-11T14:41:19.993,226.36683999317526,18408,B6.1,6.111042125667154e-07,,,2022-11-11T14:38:39.993,2022-11-11T14:44:43.993,367,247.0,67,45.0,75,57.0,799,735.0,463,399.0
227,2211111357,680,False,2022-11-11T13:57:11.995,226.36683999317526,18407,B8.0,7.958662990859011e-07,,,2022-11-11T13:55:48.088,2022-11-11T14:07:07.996,991,247.0,335,45.0,199,57.0,863,735.0,463,399.0
228,2211111346,1372,False,2022-11-11T13:46:32.087,226.36683999317526,18406,C1.4,1.3637313713843469e-06,,,2022-11-11T13:32:56.086,2022-11-11T13:55:48.088,12799,247.0,3199,45.0,1215,57.0,991,735.0,463,399.0
229,2211111325,232,False,2022-11-11T13:25:00.085,226.36683999317526,18405,B6.9,6.869888125038415e-07,,,2022-11-11T13:24:04.085,2022-11-11T13:27:56.085,335,247.0,57,45.0,75,57.0,799,735.0,431,399.0
230,2211111245,336,False,2022-11-11T12:45:16.081,226.36683999317526,18404,B7.4,7.434833264596818e-07,,,2022-11-11T12:42:16.081,2022-11-11T12:47:52.081,303,247.0,61,45.0,75,57.0,799,735.0,431,399.0
231,2211111239,76,False,2022-11-11T12:39:52.080,226.36683999317526,18403,B7.4,7.401104085147381e-07,,,2022-11-11T12:39:16.080,2022-11-11T12:40:32.080,335,247.0,53,45.0,67,57.0,799,735.0,431,399.0
232,2211111224,296,False,2022-11-11T12:24:28.079,226.36683999317526,18402,B7.2,7.196193223535374e-07,,,2022-11-11T12:22:36.079,2022-11-11T12:27:32.079,303,247.0,57,45.0,75,57.0,863,735.0,431,399.0
233,2211111136,3436,False,2022-11-11T11:36:56.074,226.36683999317526,18401,M1.2,1.2250230611243751e-05,,,2022-11-11T11:12:56.072,2022-11-11T12:10:12.077,155647,247.0,23551,45.0,6399,57.0,3199,735.0,863,399.0
234,2211111056,616,False,2022-11-11T10:56:16.070,226.36683999317526,18400,B9.3,9.303309411734517e-07,,,2022-11-11T10:49:48.069,2022-11-11T11:00:04.070,543,247.0,123,45.0,91,57.0,863,735.0,463,399.0
235,2211111044,476,False,2022-11-11T10:44:16.069,226.36683999317526,18399,C1.3,1.2699010767391883e-06,,,2022-11-11T10:41:16.068,2022-11-11T10:49:12.069,3967,247.0,463,45.0,135,57.0,863,735.0,431,399.0
236,2211111028,188,False,2022-11-11T10:28:36.067,226.36683999317526,18398,B9.0,8.997662916954141e-07,,,2022-11-11T10:27:12.067,2022-11-11T10:30:20.067,671,247.0,83,45.0,75,57.0,863,735.0,431,399.0
237,2211111019,312,False,2022-11-11T10:19:24.066,226.36683999317526,18397,C1.1,1.0579326499282615e-06,,,2022-11-11T10:16:52.066,2022-11-11T10:22:04.066,1087,247.0,135,45.0,83,57.0,799,735.0,463,399.0
238,2211111007,160,False,2022-11-11T10:07:40.065,226.36683999317526,18396,B9.2,9.195489383273525e-07,,,2022-11-11T10:06:20.065,2022-11-11T10:09:00.065,367,247.0,67,45.0,75,57.0,799,735.0,463,399.0
239,2211110959,92,False,2022-11-11T09:59:36.064,228.93658819969278,18393,B9.5,9.54093707150605e-07,,,2022-11-11T09:58:52.064,2022-11-11T10:00:24.064,399,247.0,107,45.0,83,57.0,799,735.0,431,399.0
240,2211110944,1028,False,2022-11-11T09:44:16.062,228.93658819969278,18392,C1.8,1.7583512317287386e-06,,,2022-11-11T09:33:56.061,2022-11-11T09:51:04.063,8703,247.0,1215,45.0,335,57.0,863,735.0,495,399.0
241,2211110928,528,False,2022-11-11T09:28:36.061,228.93658819969278,18391,C1.5,1.4771359246879001e-06,,,2022-11-11T09:24:00.060,2022-11-11T09:32:48.061,3967,247.0,799,45.0,735,57.0,1087,735.0,463,399.0
242,2211110906,1144,False,2022-11-11T09:06:16.058,228.93658819969278,18390,C6.0,5.9530425460252445e-06,,,2022-11-11T09:00:28.058,2022-11-11T09:19:32.060,43007,247.0,3199,45.0,1343,57.0,1215,735.0,463,399.0
243,2211110858,112,False,2022-11-11T08:58:40.058,228.93658819969278,18389,B8.9,8.937441293710435e-07,,,2022-11-11T08:57:44.058,2022-11-11T08:59:36.058,431,247.0,75,45.0,75,57.0,799,735.0,431,399.0
244,2211110828,664,False,2022-11-11T08:28:32.055,228.93658819969278,18388,B8.5,8.518234722032503e-07,,,2022-11-11T08:24:08.054,2022-11-11T08:35:12.055,863,247.0,135,45.0,83,57.0,799,735.0,431,399.0
245,2211110815,484,False,2022-11-11T08:15:28.053,228.93658819969278,18387,B8.6,8.620145308668725e-07,,,2022-11-11T08:13:16.053,2022-11-11T08:21:20.054,1343,247.0,199,45.0,83,57.0,799,735.0,463,399.0
246,2211110754,1256,False,2022-11-11T07:54:48.051,228.93658819969278,18386,C1.0,1.0350346428822377e-06,,,2022-11-11T07:44:28.050,2022-11-11T08:05:24.052,3711,247.0,463,45.0,167,57.0,863,735.0,463,399.0
247,2211110709,2380,False,2022-11-11T07:09:24.047,228.93658819969278,18385,M1.2,1.2465329746191856e-05,,,2022-11-11T06:56:36.045,2022-11-11T07:36:16.049,155647,247.0,15871,45.0,3199,57.0,1343,735.0,463,399.0
248,2211110649,364,False,2022-11-11T06:49:48.044,228.93658819969278,18384,B6.4,6.432483701246383e-07,,,2022-11-11T06:45:40.044,2022-11-11T06:51:44.045,431,247.0,75,45.0,83,57.0,799,735.0,463,399.0
249,2211110636,432,False,2022-11-11T06:36:56.043,228.93658819969278,18383,B6.9,6.900528433106956e-07,,,2022-11-11T06:34:36.043,2022-11-11T06:41:48.044,607,247.0,83,45.0,83,57.0,799,735.0,463,399.0
250,2211110627,112,False,2022-11-11T06:27:52.042,228.93658819969278,18382,B6.1,6.143911264189228e-07,,,2022-11-11T06:27:00.042,2022-11-11T06:28:52.042,367,247.0,67,45.0,75,57.0,799,735.0,431,399.0
251,2211110621,60,False,2022-11-11T06:21:04.042,228.93658819969278,18381,B6.5,6.466108288805117e-07,,,2022-11-11T06:20:36.042,2022-11-11T06:21:36.042,303,247.0,67,45.0,75,57.0,799,735.0,431,399.0
252,2211110613,312,False,2022-11-11T06:13:36.041,228.93658819969278,18380,B7.4,7.425114745274186e-07,,,2022-11-11T06:12:12.041,2022-11-11T06:17:24.041,463,247.0,67,45.0,75,57.0,799,735.0,463,399.0
253,2211110605,540,False,2022-11-11T06:05:40.040,226.36683999317526,18395,C1.3,1.3381537655732245e-06,,,2022-11-11T05:59:52.039,2022-11-11T06:08:52.040,7423,247.0,927,45.0,183,57.0,799,735.0,431,399.0
254,2211110552,1680,False,2022-11-11T05:52:08.039,228.93658819969278,18379,C2.0,1.9623446405603318e-06,,,2022-11-11T05:43:48.038,2022-11-11T06:11:48.041,9727,247.0,1727,45.0,863,57.0,1087,735.0,463,399.0
255,2211110544,188,False,2022-11-11T05:44:56.038,226.36683999317526,18394,B6.5,6.468334845521895e-07,,,2022-11-11T05:44:04.038,2022-11-11T05:47:12.038,543,247.0,107,45.0,67,57.0,799,735.0,431,399.0
256,2211110539,408,False,2022-11-11T05:39:12.037,228.93658819969278,18378,B6.7,6.726313586113974e-07,,,2022-11-11T05:36:04.037,2022-11-11T05:42:52.038,927,247.0,135,45.0,83,57.0,799,735.0,463,399.0
257,2211110529,68,False,2022-11-11T05:29:32.036,228.93658819969278,18377,B5.6,5.568341521211551e-07,,,2022-11-11T05:29:04.036,2022-11-11T05:30:12.036,463,247.0,67,45.0,75,57.0,799,735.0,431,399.0
258,2211110522,376,False,2022-11-11T05:22:48.036,228.93658819969278,18376,B6.5,6.45720035663544e-07,,,2022-11-11T05:21:52.035,2022-11-11T05:28:08.036,1599,247.0,151,45.0,91,57.0,799,735.0,431,399.0
259,2211110510,484,False,2022-11-11T05:10:24.034,228.93658819969278,18375,B7.8,7.821267331564741e-07,,,2022-11-11T05:06:12.034,2022-11-11T05:14:16.035,1343,247.0,367,45.0,247,57.0,863,735.0,463,399.0
260,2211110437,1708,False,2022-11-11T04:37:16.031,228.93658819969278,18374,C3.3,3.3137143873318564e-06,,,2022-11-11T04:30:48.030,2022-11-11T04:59:16.033,29695,247.0,3455,45.0,991,57.0,1087,735.0,463,399.0
261,2211110423,388,False,2022-11-11T04:23:56.030,228.93658819969278,18373,B5.8,5.846475232829107e-07,,,2022-11-11T04:19:16.029,2022-11-11T04:25:44.030,399,247.0,61,45.0,83,57.0,863,735.0,463,399.0
262,2211110413,244,False,2022-11-11T04:13:16.028,228.93658819969278,18372,B5.5,5.533622697839746e-07,,,2022-11-11T04:12:16.028,2022-11-11T04:16:20.029,367,247.0,67,45.0,75,57.0,799,735.0,463,399.0
263,2211110313,3772,False,2022-11-11T03:13:36.122,228.93658819969278,18371,C2.5,2.5015049232024467e-06,,,2022-11-11T02:42:40.119,2022-11-11T03:45:32.026,23551,247.0,6399,45.0,4351,57.0,2687,735.0,863,399.0
264,2211110232,164,False,2022-11-11T02:32:52.118,228.93658819969278,18370,B5.2,5.171955308469478e-07,,,2022-11-11T02:32:00.118,2022-11-11T02:34:44.118,367,247.0,135,45.0,135,57.0,799,735.0,431,399.0
265,2211110217,32,False,2022-11-11T02:17:40.117,220.1554233049345,18368,NA,0.0,,,2022-11-11T02:17:20.117,2022-11-11T02:17:52.117,399,231.0,75,45.0,67,57.0,799,735.0,431,399.0
266,2211110147,1712,False,2022-11-11T01:47:20.113,220.1554233049345,18367,C4.6,4.596911367116263e-06,,,2022-11-11T01:27:32.112,2022-11-11T01:56:04.114,47103,231.0,7935,45.0,3199,57.0,2431,735.0,735,399.0
267,2211110122,48,False,2022-11-11T01:22:40.111,220.1554233049345,18366,NA,0.0,,,2022-11-11T01:22:04.111,2022-11-11T01:22:52.111,303,231.0,75,45.0,91,57.0,799,735.0,431,399.0
268,2211110116,72,False,2022-11-11T01:16:36.110,220.1554233049345,18365,B5.3,5.301361056808673e-07,,,2022-11-11T01:15:56.110,2022-11-11T01:17:08.110,303,231.0,57,45.0,75,57.0,799,735.0,431,399.0
269,2211110040,1668,False,2022-11-11T00:40:20.107,220.1554233049345,18364,B9.8,9.795699043024797e-07,,,2022-11-11T00:20:08.105,2022-11-11T00:47:56.108,1343,231.0,231,45.0,91,57.0,863,735.0,463,399.0
270,2211110015,332,False,2022-11-11T00:15:40.104,220.1554233049345,18363,B7.3,7.319871428990155e-07,,,2022-11-11T00:13:08.104,2022-11-11T00:18:40.105,927,231.0,199,45.0,115,57.0,799,735.0,463,399.0
271,2211102357,1524,False,2022-11-10T23:57:12.103,220.1554233049345,18362,B8.9,8.913397095966502e-07,,,2022-11-10T23:45:32.101,2022-11-11T00:10:56.104,671,231.0,215,45.0,135,57.0,799,735.0,463,399.0
272,2211102339,60,False,2022-11-10T23:39:36.100,220.1554233049345,18361,B6.3,6.319228873508109e-07,,,2022-11-10T23:39:16.100,2022-11-10T23:40:16.100,303,231.0,67,45.0,67,57.0,799,735.0,431,399.0
273,2211102330,136,False,2022-11-10T23:30:28.099,220.1554233049345,18360,B6.8,6.757674100299482e-07,,,2022-11-10T23:29:48.099,2022-11-10T23:32:04.100,335,231.0,61,45.0,67,57.0,799,735.0,463,399.0
274,2211102325,348,False,2022-11-10T23:25:28.099,220.1554233049345,18359,B7.0,7.029918833723059e-07,,,2022-11-10T23:22:36.099,2022-11-10T23:28:24.099,335,231.0,57,45.0,75,57.0,799,735.0,463,399.0
275,2211102313,692,False,2022-11-10T23:13:40.098,220.1554233049345,18358,B7.7,7.712210390309338e-07,,,2022-11-10T23:09:44.097,2022-11-10T23:21:16.098,607,231.0,99,45.0,75,57.0,863,735.0,463,399.0
276,2211102254,824,False,2022-11-10T22:54:20.096,220.1554233049345,18357,B7.9,7.896607030488667e-07,,,2022-11-10T22:49:48.096,2022-11-10T23:03:32.097,863,231.0,83,45.0,75,57.0,863,735.0,463,399.0
277,2211102221,144,False,2022-11-10T22:21:12.092,220.1554233049345,18356,B6.6,6.631641440435487e-07,,,2022-11-10T22:19:32.092,2022-11-10T22:21:56.092,271,231.0,57,45.0,75,57.0,799,735.0,431,399.0
278,2211102202,352,False,2022-11-10T22:02:16.090,220.1554233049345,18355,B6.8,6.833557222307718e-07,,,2022-11-10T21:58:52.090,2022-11-10T22:04:44.091,367,231.0,67,45.0,75,57.0,799,735.0,463,399.0
279,2211102150,60,False,2022-11-10T21:50:36.089,228.93658819969278,18369,B6.4,6.446217071243154e-07,,,2022-11-10T21:50:08.089,2022-11-10T21:51:08.089,335,247.0,57,45.0,75,57.0,799,735.0,431,399.0
280,2211102137,1224,False,2022-11-10T21:37:20.088,220.1554233049345,18354,C1.5,1.4668823951069498e-06,,,2022-11-10T21:27:48.087,2022-11-10T21:48:12.089,5375,231.0,607,45.0,231,57.0,863,735.0,463,399.0
281,2211102118,412,False,2022-11-10T21:18:40.086,220.1554233049345,18353,B7.1,7.122287115635118e-07,,,2022-11-10T21:14:32.086,2022-11-10T21:21:24.086,1087,231.0,199,45.0,115,57.0,799,735.0,463,399.0
282,2211102112,64,False,2022-11-10T21:12:40.085,220.1554233049345,18352,B5.9,5.918096803725348e-07,,,2022-11-10T21:12:08.085,2022-11-10T21:13:12.085,303,231.0,61,45.0,75,57.0,799,735.0,463,399.0
283,2211102045,640,False,2022-11-10T20:45:48.083,220.1554233049345,18351,B7.3,7.269898674167052e-07,,,2022-11-10T20:42:44.082,2022-11-10T20:53:24.083,367,231.0,83,45.0,83,57.0,799,735.0,431,399.0
284,2211102032,52,False,2022-11-10T20:32:04.081,220.1554233049345,18350,B6.7,6.688745202154678e-07,,,2022-11-10T20:31:40.081,2022-11-10T20:32:32.081,271,231.0,53,45.0,67,57.0,799,735.0,399,399.0
285,2211102017,104,False,2022-11-10T20:17:00.080,220.1554233049345,18349,B6.3,6.291539875746821e-07,,,2022-11-10T20:16:04.080,2022-11-10T20:17:48.080,543,231.0,83,45.0,75,57.0,799,735.0,431,399.0
286,2211102008,192,False,2022-11-10T20:08:56.079,220.1554233049345,18348,B6.5,6.469678055509576e-07,,,2022-11-10T20:07:56.079,2022-11-10T20:11:08.079,303,231.0,67,45.0,75,57.0,799,735.0,463,399.0
287,2211101953,100,False,2022-11-10T19:53:32.077,220.1554233049345,18347,B6.9,6.870646416246018e-07,,,2022-11-10T19:52:40.077,2022-11-10T19:54:20.077,303,231.0,67,45.0,83,57.0,799,735.0,431,399.0
288,2211101918,1604,False,2022-11-10T19:18:56.074,220.1554233049345,18346,B8.4,8.404254003835376e-07,,,2022-11-10T19:10:32.073,2022-11-10T19:37:16.076,735,231.0,115,45.0,83,57.0,799,735.0,463,399.0
289,2211101859,376,False,2022-11-10T18:59:48.072,220.1554233049345,18345,B7.6,7.608665555380867e-07,,,2022-11-10T18:58:20.071,2022-11-10T19:04:36.072,607,231.0,107,45.0,83,57.0,863,735.0,431,399.0
290,2211101849,56,False,2022-11-10T18:49:48.071,220.1554233049345,18344,B6.1,6.058504595785053e-07,,,2022-11-10T18:49:16.071,2022-11-10T18:50:12.071,303,231.0,53,45.0,67,57.0,799,735.0,431,399.0
291,2211101839,152,False,2022-11-10T18:39:28.070,220.1554233049345,18343,B6.4,6.428293772842153e-07,,,2022-11-10T18:38:28.069,2022-11-10T18:41:00.070,463,231.0,151,45.0,115,57.0,799,735.0,431,399.0
292,2211101819,228,False,2022-11-10T18:19:40.068,226.63861736736166,18342,B6.8,6.794958835598663e-07,,,2022-11-10T18:18:20.067,2022-11-10T18:22:08.068,303,271.0,67,45.0,83,57.0,799,735.0,463,399.0
293,2211101812,352,False,2022-11-10T18:12:04.067,226.63861736736166,18341,B9.6,9.55272753344616e-07,,,2022-11-10T18:09:40.067,2022-11-10T18:15:32.067,1599,271.0,399,45.0,247,57.0,863,735.0,431,399.0
294,2211101801,340,False,2022-11-10T18:01:32.066,226.63861736736166,18340,B6.4,6.360814950312488e-07,,,2022-11-10T17:59:20.066,2022-11-10T18:05:00.066,335,271.0,67,45.0,75,57.0,863,735.0,431,399.0
295,2211101738,368,False,2022-11-10T17:38:40.063,226.63861736736166,18339,B6.8,6.794753630856576e-07,,,2022-11-10T17:35:24.063,2022-11-10T17:41:32.064,335,271.0,67,45.0,75,57.0,799,735.0,463,399.0
296,2211101731,120,False,2022-11-10T17:31:52.063,226.63861736736166,18338,B6.5,6.524073796754237e-07,,,2022-11-10T17:30:52.063,2022-11-10T17:32:52.063,303,271.0,67,45.0,67,57.0,799,735.0,431,399.0
297,2211101713,412,False,2022-11-10T17:13:36.061,226.63861736736166,18337,C1.0,1.0286406677550985e-06,,,2022-11-10T17:10:24.060,2022-11-10T17:17:16.061,2687,271.0,495,45.0,463,57.0,927,735.0,431,399.0
298,2211101653,524,False,2022-11-10T16:53:40.059,226.63861736736166,18336,B6.7,6.679142643406522e-07,,,2022-11-10T16:51:36.059,2022-11-10T17:00:20.059,367,271.0,67,45.0,83,57.0,799,735.0,431,399.0
299,2211101646,196,False,2022-11-10T16:46:04.058,226.63861736736166,18335,B6.2,6.151710749691119e-07,,,2022-11-10T16:45:24.058,2022-11-10T16:48:40.058,303,271.0,53,45.0,75,57.0,799,735.0,431,399.0
300,2211101615,96,False,2022-11-10T16:15:44.055,226.63861736736166,18334,B7.1,7.074154950714728e-07,,,2022-11-10T16:14:56.055,2022-11-10T16:16:32.055,335,271.0,61,45.0,75,57.0,799,735.0,431,399.0
301,2211101554,892,False,2022-11-10T15:54:12.053,226.63861736736166,18333,B7.4,7.399987111966766e-07,,,2022-11-10T15:46:12.052,2022-11-10T16:01:04.053,463,271.0,91,45.0,91,57.0,799,735.0,431,399.0
302,2211101536,368,False,2022-11-10T15:36:28.051,226.63861736736166,18332,B7.5,7.520339408984e-07,,,2022-11-10T15:34:20.051,2022-11-10T15:40:28.051,607,271.0,99,45.0,75,57.0,799,735.0,431,399.0
303,2211101522,524,False,2022-11-10T15:22:44.049,226.63861736736166,18331,B7.0,7.034291797936021e-07,,,2022-11-10T15:18:52.049,2022-11-10T15:27:36.050,367,271.0,67,45.0,83,57.0,863,735.0,431,399.0
304,2211101512,424,False,2022-11-10T15:12:00.048,226.63861736736166,18330,B7.0,6.976683266657346e-07,,,2022-11-10T15:09:32.048,2022-11-10T15:16:36.049,399,271.0,75,45.0,75,57.0,799,735.0,463,399.0
305,2211101456,360,False,2022-11-10T14:56:24.047,226.63861736736166,18329,B6.3,6.344296252791537e-07,,,2022-11-10T14:54:28.047,2022-11-10T15:00:28.047,335,271.0,61,45.0,83,57.0,863,735.0,463,399.0
306,2211101446,316,False,2022-11-10T14:46:52.046,226.63861736736166,18328,B5.6,5.618949785457517e-07,,,2022-11-10T14:44:12.045,2022-11-10T14:49:28.046,303,271.0,67,45.0,75,57.0,863,735.0,463,399.0
307,2211101425,496,False,2022-11-10T14:25:20.044,226.63861736736166,18327,B6.4,6.350614967232104e-07,,,2022-11-10T14:21:04.043,2022-11-10T14:29:20.044,431,271.0,75,45.0,67,57.0,799,735.0,463,399.0
308,2211101400,156,False,2022-11-10T14:00:12.041,226.63861736736166,18326,B6.0,5.995241281198105e-07,,,2022-11-10T13:58:36.041,2022-11-10T14:01:12.041,463,271.0,83,45.0,83,57.0,799,735.0,431,399.0
309,2211101252,1504,False,2022-11-10T12:52:36.034,226.63861736736166,18325,B9.0,9.004963317238435e-07,,,2022-11-10T12:43:04.033,2022-11-10T13:08:08.036,735,271.0,91,45.0,83,57.0,863,735.0,463,399.0
310,2211101208,2072,False,2022-11-10T12:08:28.030,226.63861736736166,18324,C1.4,1.3874612250219798e-06,,,2022-11-10T11:57:40.028,2022-11-10T12:32:12.032,4351,271.0,495,45.0,167,57.0,799,735.0,463,399.0
311,2211101129,232,False,2022-11-10T11:29:08.025,226.63861736736166,18323,B5.5,5.470564019560697e-07,,,2022-11-10T11:27:12.025,2022-11-10T11:31:04.026,367,271.0,99,45.0,83,57.0,799,735.0,431,399.0
312,2211101123,104,False,2022-11-10T11:23:04.025,226.63861736736166,18322,B5.2,5.153133315616287e-07,,,2022-11-10T11:22:12.025,2022-11-10T11:23:56.025,335,271.0,83,45.0,83,57.0,799,735.0,431,399.0
313,2211101012,168,False,2022-11-10T10:12:28.118,226.63861736736166,18321,B6.2,6.236365948097955e-07,,,2022-11-10T10:10:48.118,2022-11-10T10:13:36.118,271,271.0,57,45.0,67,57.0,799,735.0,431,399.0
314,2211100959,320,False,2022-11-10T09:59:40.117,226.9086197952,18319,B6.8,6.756919219697011e-07,,,2022-11-10T09:57:08.116,2022-11-10T10:02:28.117,367,247.0,67,45.0,75,57.0,799,735.0,431,399.0
315,2211100859,720,False,2022-11-10T08:59:12.110,226.9086197952,18318,B8.0,8.015134085326281e-07,,,2022-11-10T08:55:08.210,2022-11-10T09:07:08.111,463,247.0,61,45.0,83,57.0,863,735.0,431,399.0
316,2211100850,220,False,2022-11-10T08:50:16.209,226.9086197952,18317,B6.9,6.897605544509133e-07,,,2022-11-10T08:49:16.209,2022-11-10T08:52:56.209,367,247.0,75,45.0,75,57.0,863,735.0,431,399.0
317,2211100844,452,False,2022-11-10T08:44:52.209,226.9086197952,18316,B8.1,8.130160722430446e-07,,,2022-11-10T08:40:36.208,2022-11-10T08:48:08.209,1087,247.0,167,45.0,75,57.0,799,735.0,431,399.0
318,2211100827,736,False,2022-11-10T08:27:12.207,226.9086197952,18315,B7.1,7.110359661055554e-07,,,2022-11-10T08:24:52.207,2022-11-10T08:37:08.208,367,247.0,75,45.0,91,57.0,799,735.0,463,399.0
319,2211100810,108,False,2022-11-10T08:10:56.205,226.9086197952,18314,B6.0,6.040121434125467e-07,,,2022-11-10T08:10:00.205,2022-11-10T08:11:48.205,303,247.0,57,45.0,75,57.0,799,735.0,431,399.0
320,2211100737,1428,False,2022-11-10T07:37:32.202,226.9086197952,18313,B7.0,6.977259658924595e-07,,,2022-11-10T07:32:36.201,2022-11-10T07:56:24.204,399,247.0,75,45.0,91,57.0,799,735.0,463,399.0
321,2211100701,264,False,2022-11-10T07:01:32.198,226.9086197952,18312,B6.9,6.947694259906712e-07,,,2022-11-10T07:00:20.198,2022-11-10T07:04:44.198,463,247.0,83,45.0,83,57.0,863,735.0,431,399.0
322,2211100638,120,False,2022-11-10T06:38:04.196,226.9086197952,18311,B8.6,8.644155400361342e-07,,,2022-11-10T06:37:12.196,2022-11-10T06:39:12.196,367,247.0,57,45.0,75,57.0,799,735.0,463,399.0
323,2211100617,108,False,2022-11-10T06:17:32.194,226.63861736736166,18320,C1.2,1.1515303413034417e-06,,,2022-11-10T06:16:40.193,2022-11-10T06:18:28.194,607,271.0,75,45.0,75,57.0,799,735.0,431,399.0
324,2211100559,4040,False,2022-11-10T05:59:36.192,226.9086197952,18310,C1.3,1.2721213806798914e-06,,,2022-11-10T05:19:28.188,2022-11-10T06:26:48.194,2943,247.0,303,45.0,99,57.0,863,735.0,463,399.0
325,2211100438,120,False,2022-11-10T04:38:20.183,226.9086197952,18309,B6.3,6.320439069895656e-07,,,2022-11-10T04:37:36.183,2022-11-10T04:39:36.183,367,247.0,57,45.0,75,57.0,799,735.0,431,399.0
326,2211100412,696,False,2022-11-10T04:12:24.181,226.9086197952,18308,B6.6,6.604945497201697e-07,,,2022-11-10T04:10:24.181,2022-11-10T04:22:00.182,431,247.0,75,45.0,83,57.0,799,735.0,463,399.0
327,2211100403,476,False,2022-11-10T04:03:36.180,226.9086197952,18307,B6.3,6.341711582535936e-07,,,2022-11-10T03:58:24.179,2022-11-10T04:06:20.180,399,247.0,75,45.0,75,57.0,799,735.0,463,399.0
328,2211100309,980,False,2022-11-10T03:09:16.174,226.9086197952,18306,C1.2,1.1785151627918822e-06,,,2022-11-10T03:06:36.174,2022-11-10T03:22:56.176,3711,247.0,215,45.0,83,57.0,863,735.0,463,399.0
329,2211100258,308,False,2022-11-10T02:58:36.173,226.9086197952,18305,B6.7,6.73151419050555e-07,,,2022-11-10T02:56:16.173,2022-11-10T03:01:24.173,399,247.0,67,45.0,75,57.0,799,735.0,431,399.0
330,2211100249,340,False,2022-11-10T02:49:00.172,226.9086197952,18304,B6.4,6.385941446751531e-07,,,2022-11-10T02:45:44.172,2022-11-10T02:51:24.172,335,247.0,61,45.0,75,57.0,863,735.0,463,399.0
331,2211100221,220,False,2022-11-10T02:21:36.169,225.36432135542316,18303,B6.0,6.004930810377118e-07,,,2022-11-10T02:19:52.169,2022-11-10T02:23:32.170,399,231.0,75,45.0,75,57.0,799,735.0,431,399.0
332,2211100208,612,False,2022-11-10T02:08:36.168,225.36432135542316,18302,B6.1,6.083464541006833e-07,,,2022-11-10T02:06:48.168,2022-11-10T02:17:00.169,1087,231.0,271,45.0,91,57.0,799,735.0,463,399.0
333,2211100141,132,False,2022-11-10T01:41:40.165,225.36432135542316,18301,B5.1,5.103989337840176e-07,,,2022-11-10T01:40:28.165,2022-11-10T01:42:40.165,335,231.0,67,45.0,83,57.0,799,735.0,431,399.0
334,2211100123,356,False,2022-11-10T01:23:16.163,225.36432135542316,18300,B6.7,6.707139732498035e-07,,,2022-11-10T01:21:28.163,2022-11-10T01:27:24.164,1471,231.0,303,45.0,199,57.0,863,735.0,463,399.0
335,2211100101,128,False,2022-11-10T01:01:20.161,225.36432135542316,18299,B4.8,4.812530391973269e-07,,,2022-11-10T01:00:52.161,2022-11-10T01:03:00.162,335,231.0,67,45.0,75,57.0,799,735.0,463,399.0
336,2211100049,72,False,2022-11-10T00:49:04.160,225.36432135542316,18298,B5.0,5.025762561672309e-07,,,2022-11-10T00:48:48.160,2022-11-10T00:50:00.160,303,231.0,123,45.0,151,57.0,799,735.0,463,399.0
337,2211092344,92,False,2022-11-09T23:44:40.153,225.36432135542316,18297,B6.0,6.033340014255373e-07,,,2022-11-09T23:43:44.153,2022-11-09T23:45:16.153,335,231.0,75,45.0,75,57.0,799,735.0,431,399.0
338,2211091958,4064,False,2022-11-09T19:58:36.130,225.36432135542316,18296,C4.4,4.366501798358513e-06,,,2022-11-09T19:34:00.128,2022-11-09T23:16:24.150,8703,231.0,495,45.0,231,57.0,863,735.0,463,399.0
339,2211091929,28,False,2022-11-09T19:29:16.127,225.36432135542316,18295,NA,0.0,,,2022-11-09T19:29:00.127,2022-11-09T19:29:28.127,271,231.0,67,45.0,67,57.0,735,735.0,431,399.0
340,2211091918,184,False,2022-11-09T19:18:16.126,225.36432135542316,18294,B4.9,4.938524398312438e-07,,,2022-11-09T19:17:08.126,2022-11-09T19:20:12.126,335,231.0,61,45.0,75,57.0,799,735.0,431,399.0
341,2211091847,104,False,2022-11-09T18:47:40.123,225.36432135542316,18293,B4.6,4.593489109083748e-07,,,2022-11-09T18:46:48.123,2022-11-09T18:48:32.123,335,231.0,61,45.0,67,57.0,799,735.0,431,399.0
342,2211091823,564,False,2022-11-09T18:23:24.120,225.36432135542316,18292,B5.4,5.424671485343424e-07,,,2022-11-09T18:20:20.120,2022-11-09T18:29:44.121,671,231.0,83,45.0,75,57.0,799,735.0,431,399.0
343,2211091801,220,False,2022-11-09T18:01:48.118,223.42659842299975,18291,C1.3,1.2919728078486514e-06,,,2022-11-09T18:00:12.118,2022-11-09T18:03:52.118,4351,271.0,399,45.0,115,57.0,799,735.0,431,399.0
344,2211091720,160,False,2022-11-09T17:20:00.114,223.42659842299975,18290,B4.7,4.7137368142102787e-07,,,2022-11-09T17:19:00.114,2022-11-09T17:21:40.114,367,271.0,91,45.0,75,57.0,799,735.0,431,399.0
345,2211091713,468,False,2022-11-09T17:13:48.113,223.42659842299975,18289,B5.4,5.433398087006935e-07,,,2022-11-09T17:10:32.113,2022-11-09T17:18:20.114,463,271.0,67,45.0,75,57.0,863,735.0,463,399.0
346,2211091654,212,False,2022-11-09T16:54:36.111,223.42659842299975,18288,B5.6,5.558739530897583e-07,,,2022-11-09T16:52:52.111,2022-11-09T16:56:24.111,543,271.0,151,45.0,151,57.0,799,735.0,463,399.0
347,2211091637,152,False,2022-11-09T16:37:00.110,223.42659842299975,18287,B4.9,4.938012807542691e-07,,,2022-11-09T16:35:44.110,2022-11-09T16:38:16.110,303,271.0,61,45.0,75,57.0,799,735.0,463,399.0
348,2211091613,224,False,2022-11-09T16:13:56.107,223.42659842299975,18286,B5.4,5.385535928326135e-07,,,2022-11-09T16:11:44.107,2022-11-09T16:15:28.108,303,271.0,57,45.0,75,57.0,799,735.0,431,399.0
349,2211091554,952,False,2022-11-09T15:54:32.105,223.42659842299975,18285,B7.1,7.068385912134545e-07,,,2022-11-09T15:50:44.105,2022-11-09T16:06:36.107,1087,271.0,135,45.0,91,57.0,863,735.0,463,399.0
350,2211091537,120,False,2022-11-09T15:37:28.104,223.42659842299975,18284,B5.2,5.177249136067985e-07,,,2022-11-09T15:36:44.104,2022-11-09T15:38:44.104,303,271.0,67,45.0,75,57.0,799,735.0,431,399.0
351,2211091515,3684,False,2022-11-09T15:15:20.102,223.42659842299975,18283,C1.0,1.004953105621098e-06,,,2022-11-09T14:19:20.095,2022-11-09T15:20:44.102,2687,271.0,231,45.0,83,57.0,863,735.0,495,399.0
352,2211091328,556,False,2022-11-09T13:28:12.090,223.42659842299975,18282,C1.1,1.071856218004541e-06,,,2022-11-09T13:25:32.090,2022-11-09T13:34:48.091,2687,271.0,303,45.0,167,57.0,799,735.0,463,399.0
353,2211091229,192,False,2022-11-09T12:29:04.084,223.42659842299975,18281,B4.7,4.6924708385631675e-07,,,2022-11-09T12:26:44.084,2022-11-09T12:29:56.084,271,271.0,57,45.0,75,57.0,799,735.0,431,399.0
354,2211091201,168,False,2022-11-09T12:01:08.081,223.42659842299975,18280,B5.7,5.658623081217229e-07,,,2022-11-09T11:59:52.081,2022-11-09T12:02:40.081,399,271.0,83,45.0,91,57.0,799,735.0,431,399.0
355,2211091047,608,False,2022-11-09T10:47:40.074,223.42659842299975,18279,B8.5,8.467953307444986e-07,,,2022-11-09T10:44:56.073,2022-11-09T10:55:04.074,1343,271.0,367,45.0,183,57.0,799,735.0,431,399.0
356,2211091013,296,False,2022-11-09T10:13:24.070,217.69016637429286,18278,B6.2,6.162407544252346e-07,,,2022-11-09T10:11:28.070,2022-11-09T10:16:24.070,735,231.0,115,45.0,75,57.0,799,735.0,463,399.0
357,2211090958,636,False,2022-11-09T09:58:44.069,217.69016637429286,18277,B6.2,6.191904162733408e-07,,,2022-11-09T09:55:28.068,2022-11-09T10:06:04.069,607,231.0,75,45.0,75,57.0,799,735.0,463,399.0
358,2211090926,136,False,2022-11-09T09:26:00.065,217.69016637429286,18276,B4.9,4.86860869841621e-07,,,2022-11-09T09:25:00.065,2022-11-09T09:27:16.065,335,231.0,61,45.0,91,57.0,799,735.0,463,399.0
359,2211090908,976,False,2022-11-09T09:08:44.063,217.69016637429286,18275,B6.6,6.582637865903962e-07,,,2022-11-09T08:58:40.062,2022-11-09T09:14:56.064,607,231.0,135,45.0,107,57.0,863,735.0,463,399.0
360,2211090822,196,False,2022-11-09T08:22:12.059,217.69016637429286,18274,B5.1,5.100922066958447e-07,,,2022-11-09T08:20:40.059,2022-11-09T08:23:56.059,303,231.0,53,45.0,75,57.0,799,735.0,431,399.0
361,2211090720,628,False,2022-11-09T07:20:44.052,217.69016637429286,18273,B9.6,9.645385716794408e-07,,,2022-11-09T07:18:12.052,2022-11-09T07:28:40.053,2431,231.0,247,45.0,115,57.0,799,735.0,463,399.0
362,2211090551,1940,False,2022-11-09T05:51:40.043,217.69016637429286,18272,B7.3,7.278044904523995e-07,,,2022-11-09T05:39:48.042,2022-11-09T06:12:08.045,367,231.0,67,45.0,83,57.0,863,735.0,463,399.0
363,2211090514,188,False,2022-11-09T05:14:32.039,217.69016637429286,18271,B6.4,6.404825967365468e-07,,,2022-11-09T05:13:52.039,2022-11-09T05:17:00.040,303,231.0,57,45.0,75,57.0,799,735.0,431,399.0
364,2211090458,808,False,2022-11-09T04:58:16.038,217.69016637429286,18270,B6.3,6.310129379016871e-07,,,2022-11-09T04:52:52.037,2022-11-09T05:06:20.039,335,231.0,75,45.0,83,57.0,863,735.0,431,399.0
365,2211090428,312,False,2022-11-09T04:28:24.035,217.69016637429286,18269,B6.1,6.059365773580794e-07,,,2022-11-09T04:27:24.035,2022-11-09T04:32:36.035,303,231.0,57,45.0,83,57.0,863,735.0,463,399.0
366,2211090403,108,False,2022-11-09T04:03:24.032,217.69016637429286,18268,B5.4,5.429726570582716e-07,,,2022-11-09T04:02:36.032,2022-11-09T04:04:24.032,271,231.0,61,45.0,75,57.0,799,735.0,431,399.0
367,2211090222,224,False,2022-11-09T02:22:00.023,217.69016637429286,18267,B4.6,4.598592227011977e-07,,,2022-11-09T02:20:00.022,2022-11-09T02:23:44.023,303,231.0,57,45.0,83,57.0,799,735.0,463,399.0
368,2211090134,132,False,2022-11-09T01:34:32.017,217.6887883551328,18266,B4.5,4.459582498839154e-07,,,2022-11-09T01:33:56.017,2022-11-09T01:36:08.017,303,231.0,57,41.0,67,57.0,799,735.0,431,399.0
369,2211090050,492,False,2022-11-09T00:50:20.013,217.6887883551328,18265,B6.1,6.073233294046076e-07,,,2022-11-09T00:44:44.012,2022-11-09T00:52:56.013,1215,231.0,271,41.0,135,57.0,799,735.0,463,399.0
