flare_id,duration,att_in,peak_UTC,LC0_BKG,_id,GOES_class,GOES_flux,CFL_X_arcsec,CFL_Y_arcsec,start_UTC,end_UTC,LC0_PEAK_COUNTS_4S,LC0_BKG_COUNTS_4S,LC1_PEAK_COUNTS_4S,LC1_BKG_COUNTS_4S,LC2_PEAK_COUNTS_4S,LC2_BKG_COUNTS_4S,LC3_PEAK_COUNTS_4S,LC3_BKG_COUNTS_4S,LC4_PEAK_COUNTS_4S,LC4_BKG_COUNTS_4S,number_available_files,available_file_request_IDs
2211090050,492,False,2022-11-09 00:50:20.013,217.6887883551328,18265,B6.1,6.073233294046076e-07,,,2022-11-09T00:44:44.012,2022-11-09T00:52:56.013,1215,231.0,271,41.0,135,57.0,799,735.0,463,399.0,1,[2211090305]
2211090134,132,False,2022-11-09 01:34:32.017,217.6887883551328,18266,B4.5,4.459582498839154e-07,,,2022-11-09T01:33:56.017,2022-11-09T01:36:08.017,303,231.0,57,41.0,67,57.0,799,735.0,431,399.0,0,[]
2211090222,224,False,2022-11-09 02:22:00.023,217.6901663742929,18267,B4.6,4.598592227011977e-07,,,2022-11-09T02:20:00.022,2022-11-09T02:23:44.023,303,231.0,57,45.0,83,57.0,799,735.0,463,399.0,0,[]
2211090403,108,False,2022-11-09 04:03:24.032,217.6901663742929,18268,B5.4,5.429726570582716e-07,,,2022-11-09T04:02:36.032,2022-11-09T04:04:24.032,271,231.0,61,45.0,75,57.0,799,735.0,431,399.0,0,[]
2211090428,312,False,2022-11-09 04:28:24.035,217.6901663742929,18269,B6.1,6.059365773580794e-07,,,2022-11-09T04:27:24.035,2022-11-09T04:32:36.035,303,231.0,57,45.0,83,57.0,863,735.0,463,399.0,0,[]
2211090458,808,False,2022-11-09 04:58:16.038,217.6901663742929,18270,B6.3,6.310129379016871e-07,,,2022-11-09T04:52:52.037,2022-11-09T05:06:20.039,335,231.0,75,45.0,83,57.0,863,735.0,431,399.0,1,[2211094607]
2211090514,188,False,2022-11-09 05:14:32.039,217.6901663742929,18271,B6.4,6.404825967365468e-07,,,2022-11-09T05:13:52.039,2022-11-09T05:17:00.040,303,231.0,57,45.0,75,57.0,799,735.0,431,399.0,0,[]
2211090551,1940,False,2022-11-09 05:51:40.043,217.6901663742929,18272,B7.3,7.278044904523995e-07,,,2022-11-09T05:39:48.042,2022-11-09T06:12:08.045,367,231.0,67,45.0,83,57.0,863,735.0,463,399.0,1,[2211090238]
2211090720,628,False,2022-11-09 07:20:44.052,217.6901663742929,18273,B9.6,9.645385716794408e-07,,,2022-11-09T07:18:12.052,2022-11-09T07:28:40.053,2431,231.0,247,45.0,115,57.0,799,735.0,463,399.0,1,[2211091049]
2211090822,196,False,2022-11-09 08:22:12.059,217.6901663742929,18274,B5.1,5.100922066958447e-07,,,2022-11-09T08:20:40.059,2022-11-09T08:23:56.059,303,231.0,53,45.0,75,57.0,799,735.0,431,399.0,0,[]
2211090908,976,False,2022-11-09 09:08:44.063,217.6901663742929,18275,B6.6,6.582637865903962e-07,,,2022-11-09T08:58:40.062,2022-11-09T09:14:56.064,607,231.0,135,45.0,107,57.0,863,735.0,463,399.0,1,[2211096407]
2211090926,136,False,2022-11-09 09:26:00.065,217.6901663742929,18276,B4.9,4.86860869841621e-07,,,2022-11-09T09:25:00.065,2022-11-09T09:27:16.065,335,231.0,61,45.0,91,57.0,799,735.0,463,399.0,0,[]
2211090958,636,False,2022-11-09 09:58:44.069,217.6901663742929,18277,B6.2,6.191904162733408e-07,,,2022-11-09T09:55:28.068,2022-11-09T10:06:04.069,607,231.0,75,45.0,75,57.0,799,735.0,463,399.0,1,[2211091409]
2211091013,296,False,2022-11-09 10:13:24.070,217.6901663742929,18278,B6.2,6.162407544252346e-07,,,2022-11-09T10:11:28.070,2022-11-09T10:16:24.070,735,231.0,115,45.0,75,57.0,799,735.0,463,399.0,1,[2211091673]
2211091047,608,False,2022-11-09 10:47:40.074,223.42659842299972,18279,B8.5,8.467953307444986e-07,,,2022-11-09T10:44:56.073,2022-11-09T10:55:04.074,1343,271.0,367,45.0,183,57.0,799,735.0,431,399.0,1,[2211095700]
2211091201,168,False,2022-11-09 12:01:08.081,223.42659842299972,18280,B5.7,5.658623081217229e-07,,,2022-11-09T11:59:52.081,2022-11-09T12:02:40.081,399,271.0,83,45.0,91,57.0,799,735.0,431,399.0,0,[]
2211091229,192,False,2022-11-09 12:29:04.084,223.42659842299972,18281,B4.7,4.6924708385631685e-07,,,2022-11-09T12:26:44.084,2022-11-09T12:29:56.084,271,271.0,57,45.0,75,57.0,799,735.0,431,399.0,2,"[2211098157, 2211097832]"
2211091328,556,False,2022-11-09 13:28:12.090,223.42659842299972,18282,C1.1,1.071856218004541e-06,,,2022-11-09T13:25:32.090,2022-11-09T13:34:48.091,2687,271.0,303,45.0,167,57.0,799,735.0,463,399.0,1,[2211095251]
2211091515,3684,False,2022-11-09 15:15:20.102,223.42659842299972,18283,C1.0,1.004953105621098e-06,,,2022-11-09T14:19:20.095,2022-11-09T15:20:44.102,2687,271.0,231,45.0,83,57.0,863,735.0,495,399.0,1,[2211098407]
2211091537,120,False,2022-11-09 15:37:28.104,223.42659842299972,18284,B5.2,5.177249136067985e-07,,,2022-11-09T15:36:44.104,2022-11-09T15:38:44.104,303,271.0,67,45.0,75,57.0,799,735.0,431,399.0,0,[]
2211091554,952,False,2022-11-09 15:54:32.105,223.42659842299972,18285,B7.1,7.068385912134545e-07,,,2022-11-09T15:50:44.105,2022-11-09T16:06:36.107,1087,271.0,135,45.0,91,57.0,863,735.0,463,399.0,1,[2211099586]
2211091613,224,False,2022-11-09 16:13:56.107,223.42659842299972,18286,B5.4,5.385535928326135e-07,,,2022-11-09T16:11:44.107,2022-11-09T16:15:28.108,303,271.0,57,45.0,75,57.0,799,735.0,431,399.0,0,[]
2211091637,152,False,2022-11-09 16:37:00.110,223.42659842299972,18287,B4.9,4.938012807542691e-07,,,2022-11-09T16:35:44.110,2022-11-09T16:38:16.110,303,271.0,61,45.0,75,57.0,799,735.0,463,399.0,0,[]
2211091654,212,False,2022-11-09 16:54:36.111,223.42659842299972,18288,B5.6,5.558739530897583e-07,,,2022-11-09T16:52:52.111,2022-11-09T16:56:24.111,543,271.0,151,45.0,151,57.0,799,735.0,463,399.0,0,[]
2211091713,468,False,2022-11-09 17:13:48.113,223.42659842299972,18289,B5.4,5.433398087006935e-07,,,2022-11-09T17:10:32.113,2022-11-09T17:18:20.114,463,271.0,67,45.0,75,57.0,863,735.0,463,399.0,1,[2211098388]
2211091720,160,False,2022-11-09 17:20:00.114,223.42659842299972,18290,B4.7,4.71373681421028e-07,,,2022-11-09T17:19:00.114,2022-11-09T17:21:40.114,367,271.0,91,45.0,75,57.0,799,735.0,431,399.0,0,[]
2211091801,220,False,2022-11-09 18:01:48.118,223.42659842299972,18291,C1.3,1.2919728078486514e-06,,,2022-11-09T18:00:12.118,2022-11-09T18:03:52.118,4351,271.0,399,45.0,115,57.0,799,735.0,431,399.0,2,"[2211090288, 2211091630]"
2211091823,564,False,2022-11-09 18:23:24.120,225.3643213554232,18292,B5.4,5.424671485343424e-07,,,2022-11-09T18:20:20.120,2022-11-09T18:29:44.121,671,231.0,83,45.0,75,57.0,799,735.0,431,399.0,1,[2211096527]
2211091847,104,False,2022-11-09 18:47:40.123,225.3643213554232,18293,B4.6,4.593489109083748e-07,,,2022-11-09T18:46:48.123,2022-11-09T18:48:32.123,335,231.0,61,45.0,67,57.0,799,735.0,431,399.0,0,[]
2211091918,184,False,2022-11-09 19:18:16.126,225.3643213554232,18294,B4.9,4.938524398312438e-07,,,2022-11-09T19:17:08.126,2022-11-09T19:20:12.126,335,231.0,61,45.0,75,57.0,799,735.0,431,399.0,0,[]
2211091929,28,False,2022-11-09 19:29:16.127,225.3643213554232,18295,,0.0,,,2022-11-09T19:29:00.127,2022-11-09T19:29:28.127,271,231.0,67,45.0,67,57.0,735,735.0,431,399.0,0,[]
2211091958,4064,False,2022-11-09 19:58:36.130,225.3643213554232,18296,C4.4,4.366501798358513e-06,,,2022-11-09T19:34:00.128,2022-11-09T23:16:24.150,8703,231.0,495,45.0,231,57.0,863,735.0,463,399.0,1,[2211092397]
2211092344,92,False,2022-11-09 23:44:40.153,225.3643213554232,18297,B6.0,6.033340014255373e-07,,,2022-11-09T23:43:44.153,2022-11-09T23:45:16.153,335,231.0,75,45.0,75,57.0,799,735.0,431,399.0,0,[]
2211100049,72,False,2022-11-10 00:49:04.160,225.3643213554232,18298,B5.0,5.025762561672309e-07,,,2022-11-10T00:48:48.160,2022-11-10T00:50:00.160,303,231.0,123,45.0,151,57.0,799,735.0,463,399.0,1,[2211106008]
2211100101,128,False,2022-11-10 01:01:20.161,225.3643213554232,18299,B4.8,4.812530391973269e-07,,,2022-11-10T01:00:52.161,2022-11-10T01:03:00.162,335,231.0,67,45.0,75,57.0,799,735.0,463,399.0,0,[]
2211100123,356,False,2022-11-10 01:23:16.163,225.3643213554232,18300,B6.7,6.707139732498035e-07,,,2022-11-10T01:21:28.163,2022-11-10T01:27:24.164,1471,231.0,303,45.0,199,57.0,863,735.0,463,399.0,1,[2211109024]
2211100141,132,False,2022-11-10 01:41:40.165,225.3643213554232,18301,B5.1,5.103989337840176e-07,,,2022-11-10T01:40:28.165,2022-11-10T01:42:40.165,335,231.0,67,45.0,83,57.0,799,735.0,431,399.0,0,[]
2211100208,612,False,2022-11-10 02:08:36.168,225.3643213554232,18302,B6.1,6.083464541006833e-07,,,2022-11-10T02:06:48.168,2022-11-10T02:17:00.169,1087,231.0,271,45.0,91,57.0,799,735.0,463,399.0,1,[2211108453]
2211100221,220,False,2022-11-10 02:21:36.169,225.3643213554232,18303,B6.0,6.004930810377118e-07,,,2022-11-10T02:19:52.169,2022-11-10T02:23:32.170,399,231.0,75,45.0,75,57.0,799,735.0,431,399.0,0,[]
2211100249,340,False,2022-11-10 02:49:00.172,226.9086197952,18304,B6.4,6.385941446751531e-07,,,2022-11-10T02:45:44.172,2022-11-10T02:51:24.172,335,247.0,61,45.0,75,57.0,863,735.0,463,399.0,0,[]
2211100258,308,False,2022-11-10 02:58:36.173,226.9086197952,18305,B6.7,6.73151419050555e-07,,,2022-11-10T02:56:16.173,2022-11-10T03:01:24.173,399,247.0,67,45.0,75,57.0,799,735.0,431,399.0,0,[]
2211100309,980,False,2022-11-10 03:09:16.174,226.9086197952,18306,C1.2,1.1785151627918822e-06,,,2022-11-10T03:06:36.174,2022-11-10T03:22:56.176,3711,247.0,215,45.0,83,57.0,863,735.0,463,399.0,1,[2211105395]
2211100403,476,False,2022-11-10 04:03:36.180,226.9086197952,18307,B6.3,6.341711582535936e-07,,,2022-11-10T03:58:24.179,2022-11-10T04:06:20.180,399,247.0,75,45.0,75,57.0,799,735.0,463,399.0,0,[]
2211100412,696,False,2022-11-10 04:12:24.181,226.9086197952,18308,B6.6,6.604945497201697e-07,,,2022-11-10T04:10:24.181,2022-11-10T04:22:00.182,431,247.0,75,45.0,83,57.0,799,735.0,463,399.0,1,[2211100028]
2211100438,120,False,2022-11-10 04:38:20.183,226.9086197952,18309,B6.3,6.320439069895656e-07,,,2022-11-10T04:37:36.183,2022-11-10T04:39:36.183,367,247.0,57,45.0,75,57.0,799,735.0,431,399.0,0,[]
2211100559,4040,False,2022-11-10 05:59:36.192,226.9086197952,18310,C1.3,1.2721213806798914e-06,,,2022-11-10T05:19:28.188,2022-11-10T06:26:48.194,2943,247.0,303,45.0,99,57.0,863,735.0,463,399.0,1,[2211109000]
2211100617,108,False,2022-11-10 06:17:32.194,226.6386173673617,18320,C1.2,1.1515303413034417e-06,,,2022-11-10T06:16:40.193,2022-11-10T06:18:28.194,607,271.0,75,45.0,75,57.0,799,735.0,431,399.0,1,[2211109000]
2211100638,120,False,2022-11-10 06:38:04.196,226.9086197952,18311,B8.6,8.644155400361342e-07,,,2022-11-10T06:37:12.196,2022-11-10T06:39:12.196,367,247.0,57,45.0,75,57.0,799,735.0,463,399.0,0,[]
2211100701,264,False,2022-11-10 07:01:32.198,226.9086197952,18312,B6.9,6.947694259906712e-07,,,2022-11-10T07:00:20.198,2022-11-10T07:04:44.198,463,247.0,83,45.0,83,57.0,863,735.0,431,399.0,0,[]
2211100737,1428,False,2022-11-10 07:37:32.202,226.9086197952,18313,B7.0,6.977259658924595e-07,,,2022-11-10T07:32:36.201,2022-11-10T07:56:24.204,399,247.0,75,45.0,91,57.0,799,735.0,463,399.0,1,[2211108932]
2211100810,108,False,2022-11-10 08:10:56.205,226.9086197952,18314,B6.0,6.040121434125467e-07,,,2022-11-10T08:10:00.205,2022-11-10T08:11:48.205,303,247.0,57,45.0,75,57.0,799,735.0,431,399.0,0,[]
2211100827,736,False,2022-11-10 08:27:12.207,226.9086197952,18315,B7.1,7.110359661055554e-07,,,2022-11-10T08:24:52.207,2022-11-10T08:37:08.208,367,247.0,75,45.0,91,57.0,799,735.0,463,399.0,1,[2211101244]
2211100844,452,False,2022-11-10 08:44:52.209,226.9086197952,18316,B8.1,8.130160722430446e-07,,,2022-11-10T08:40:36.208,2022-11-10T08:48:08.209,1087,247.0,167,45.0,75,57.0,799,735.0,431,399.0,1,[2211106426]
2211100850,220,False,2022-11-10 08:50:16.209,226.9086197952,18317,B6.9,6.897605544509133e-07,,,2022-11-10T08:49:16.209,2022-11-10T08:52:56.209,367,247.0,75,45.0,75,57.0,863,735.0,431,399.0,0,[]
2211100859,720,False,2022-11-10 08:59:12.110,226.9086197952,18318,B8.0,8.015134085326281e-07,,,2022-11-10T08:55:08.210,2022-11-10T09:07:08.111,463,247.0,61,45.0,83,57.0,863,735.0,431,399.0,1,[2211102153]
2211100959,320,False,2022-11-10 09:59:40.117,226.9086197952,18319,B6.8,6.756919219697011e-07,,,2022-11-10T09:57:08.116,2022-11-10T10:02:28.117,367,247.0,67,45.0,75,57.0,799,735.0,431,399.0,0,[]
2211101012,168,False,2022-11-10 10:12:28.118,226.6386173673617,18321,B6.2,6.236365948097955e-07,,,2022-11-10T10:10:48.118,2022-11-10T10:13:36.118,271,271.0,57,45.0,67,57.0,799,735.0,431,399.0,0,[]
2211101123,104,False,2022-11-10 11:23:04.025,226.6386173673617,18322,B5.2,5.153133315616287e-07,,,2022-11-10T11:22:12.025,2022-11-10T11:23:56.025,335,271.0,83,45.0,83,57.0,799,735.0,431,399.0,0,[]
2211101129,232,False,2022-11-10 11:29:08.025,226.6386173673617,18323,B5.5,5.470564019560697e-07,,,2022-11-10T11:27:12.025,2022-11-10T11:31:04.026,367,271.0,99,45.0,83,57.0,799,735.0,431,399.0,0,[]
2211101208,2072,False,2022-11-10 12:08:28.030,226.6386173673617,18324,C1.4,1.3874612250219798e-06,,,2022-11-10T11:57:40.028,2022-11-10T12:32:12.032,4351,271.0,495,45.0,167,57.0,799,735.0,463,399.0,1,[2211100219]
2211101252,1504,False,2022-11-10 12:52:36.034,226.6386173673617,18325,B9.0,9.004963317238435e-07,,,2022-11-10T12:43:04.033,2022-11-10T13:08:08.036,735,271.0,91,45.0,83,57.0,863,735.0,463,399.0,1,[2211106153]
2211101400,156,False,2022-11-10 14:00:12.041,226.6386173673617,18326,B6.0,5.995241281198105e-07,,,2022-11-10T13:58:36.041,2022-11-10T14:01:12.041,463,271.0,83,45.0,83,57.0,799,735.0,431,399.0,0,[]
2211101425,496,False,2022-11-10 14:25:20.044,226.6386173673617,18327,B6.4,6.350614967232104e-07,,,2022-11-10T14:21:04.043,2022-11-10T14:29:20.044,431,271.0,75,45.0,67,57.0,799,735.0,463,399.0,0,[]
2211101446,316,False,2022-11-10 14:46:52.046,226.6386173673617,18328,B5.6,5.618949785457517e-07,,,2022-11-10T14:44:12.045,2022-11-10T14:49:28.046,303,271.0,67,45.0,75,57.0,863,735.0,463,399.0,0,[]
2211101456,360,False,2022-11-10 14:56:24.047,226.6386173673617,18329,B6.3,6.344296252791537e-07,,,2022-11-10T14:54:28.047,2022-11-10T15:00:28.047,335,271.0,61,45.0,83,57.0,863,735.0,463,399.0,0,[]
2211101512,424,False,2022-11-10 15:12:00.048,226.6386173673617,18330,B7.0,6.976683266657346e-07,,,2022-11-10T15:09:32.048,2022-11-10T15:16:36.049,399,271.0,75,45.0,75,57.0,799,735.0,463,399.0,0,[]
2211101522,524,False,2022-11-10 15:22:44.049,226.6386173673617,18331,B7.0,7.034291797936021e-07,,,2022-11-10T15:18:52.049,2022-11-10T15:27:36.050,367,271.0,67,45.0,83,57.0,863,735.0,431,399.0,0,[]
2211101536,368,False,2022-11-10 15:36:28.051,226.6386173673617,18332,B7.5,7.520339408984e-07,,,2022-11-10T15:34:20.051,2022-11-10T15:40:28.051,607,271.0,99,45.0,75,57.0,799,735.0,431,399.0,1,[2211106863]
2211101554,892,False,2022-11-10 15:54:12.053,226.6386173673617,18333,B7.4,7.399987111966766e-07,,,2022-11-10T15:46:12.052,2022-11-10T16:01:04.053,463,271.0,91,45.0,91,57.0,799,735.0,431,399.0,1,[2211101482]
2211101615,96,False,2022-11-10 16:15:44.055,226.6386173673617,18334,B7.1,7.074154950714728e-07,,,2022-11-10T16:14:56.055,2022-11-10T16:16:32.055,335,271.0,61,45.0,75,57.0,799,735.0,431,399.0,0,[]
2211101646,196,False,2022-11-10 16:46:04.058,226.6386173673617,18335,B6.2,6.151710749691119e-07,,,2022-11-10T16:45:24.058,2022-11-10T16:48:40.058,303,271.0,53,45.0,75,57.0,799,735.0,431,399.0,0,[]
2211101653,524,False,2022-11-10 16:53:40.059,226.6386173673617,18336,B6.7,6.679142643406522e-07,,,2022-11-10T16:51:36.059,2022-11-10T17:00:20.059,367,271.0,67,45.0,83,57.0,799,735.0,431,399.0,0,[]
2211101713,412,False,2022-11-10 17:13:36.061,226.6386173673617,18337,C1.0,1.0286406677550983e-06,,,2022-11-10T17:10:24.060,2022-11-10T17:17:16.061,2687,271.0,495,45.0,463,57.0,927,735.0,431,399.0,1,[2211107586]
2211101731,120,False,2022-11-10 17:31:52.063,226.6386173673617,18338,B6.5,6.524073796754237e-07,,,2022-11-10T17:30:52.063,2022-11-10T17:32:52.063,303,271.0,67,45.0,67,57.0,799,735.0,431,399.0,0,[]
2211101738,368,False,2022-11-10 17:38:40.063,226.6386173673617,18339,B6.8,6.794753630856576e-07,,,2022-11-10T17:35:24.063,2022-11-10T17:41:32.064,335,271.0,67,45.0,75,57.0,799,735.0,463,399.0,0,[]
2211101801,340,False,2022-11-10 18:01:32.066,226.6386173673617,18340,B6.4,6.360814950312488e-07,,,2022-11-10T17:59:20.066,2022-11-10T18:05:00.066,335,271.0,67,45.0,75,57.0,863,735.0,431,399.0,0,[]
2211101812,352,False,2022-11-10 18:12:04.067,226.6386173673617,18341,B9.6,9.55272753344616e-07,,,2022-11-10T18:09:40.067,2022-11-10T18:15:32.067,1599,271.0,399,45.0,247,57.0,863,735.0,431,399.0,1,[2211102195]
2211101819,228,False,2022-11-10 18:19:40.068,226.6386173673617,18342,B6.8,6.794958835598663e-07,,,2022-11-10T18:18:20.067,2022-11-10T18:22:08.068,303,271.0,67,45.0,83,57.0,799,735.0,463,399.0,0,[]
2211101839,152,False,2022-11-10 18:39:28.070,220.1554233049345,18343,B6.4,6.428293772842153e-07,,,2022-11-10T18:38:28.069,2022-11-10T18:41:00.070,463,231.0,151,45.0,115,57.0,799,735.0,431,399.0,0,[]
2211101849,56,False,2022-11-10 18:49:48.071,220.1554233049345,18344,B6.1,6.058504595785053e-07,,,2022-11-10T18:49:16.071,2022-11-10T18:50:12.071,303,231.0,53,45.0,67,57.0,799,735.0,431,399.0,0,[]
2211101859,376,False,2022-11-10 18:59:48.072,220.1554233049345,18345,B7.6,7.608665555380867e-07,,,2022-11-10T18:58:20.071,2022-11-10T19:04:36.072,607,231.0,107,45.0,83,57.0,863,735.0,431,399.0,1,[2211109483]
2211101918,1604,False,2022-11-10 19:18:56.074,220.1554233049345,18346,B8.4,8.404254003835376e-07,,,2022-11-10T19:10:32.073,2022-11-10T19:37:16.076,735,231.0,115,45.0,83,57.0,799,735.0,463,399.0,1,[2211104239]
2211101953,100,False,2022-11-10 19:53:32.077,220.1554233049345,18347,B6.9,6.870646416246018e-07,,,2022-11-10T19:52:40.077,2022-11-10T19:54:20.077,303,231.0,67,45.0,83,57.0,799,735.0,431,399.0,0,[]
2211102008,192,False,2022-11-10 20:08:56.079,220.1554233049345,18348,B6.5,6.469678055509576e-07,,,2022-11-10T20:07:56.079,2022-11-10T20:11:08.079,303,231.0,67,45.0,75,57.0,799,735.0,463,399.0,0,[]
2211102017,104,False,2022-11-10 20:17:00.080,220.1554233049345,18349,B6.3,6.291539875746821e-07,,,2022-11-10T20:16:04.080,2022-11-10T20:17:48.080,543,231.0,83,45.0,75,57.0,799,735.0,431,399.0,0,[]
2211102032,52,False,2022-11-10 20:32:04.081,220.1554233049345,18350,B6.7,6.688745202154678e-07,,,2022-11-10T20:31:40.081,2022-11-10T20:32:32.081,271,231.0,53,45.0,67,57.0,799,735.0,399,399.0,0,[]
2211102045,640,False,2022-11-10 20:45:48.083,220.1554233049345,18351,B7.3,7.269898674167052e-07,,,2022-11-10T20:42:44.082,2022-11-10T20:53:24.083,367,231.0,83,45.0,83,57.0,799,735.0,431,399.0,0,[]
2211102112,64,False,2022-11-10 21:12:40.085,220.1554233049345,18352,B5.9,5.918096803725348e-07,,,2022-11-10T21:12:08.085,2022-11-10T21:13:12.085,303,231.0,61,45.0,75,57.0,799,735.0,463,399.0,0,[]
2211102118,412,False,2022-11-10 21:18:40.086,220.1554233049345,18353,B7.1,7.122287115635118e-07,,,2022-11-10T21:14:32.086,2022-11-10T21:21:24.086,1087,231.0,199,45.0,115,57.0,799,735.0,463,399.0,1,[2211100333]
2211102137,1224,False,2022-11-10 21:37:20.088,220.1554233049345,18354,C1.5,1.4668823951069498e-06,,,2022-11-10T21:27:48.087,2022-11-10T21:48:12.089,5375,231.0,607,45.0,231,57.0,863,735.0,463,399.0,1,[2211105208]
2211102150,60,False,2022-11-10 21:50:36.089,228.9365881996928,18369,B6.4,6.446217071243154e-07,,,2022-11-10T21:50:08.089,2022-11-10T21:51:08.089,335,247.0,57,45.0,75,57.0,799,735.0,431,399.0,0,[]
2211102202,352,False,2022-11-10 22:02:16.090,220.1554233049345,18355,B6.8,6.833557222307718e-07,,,2022-11-10T21:58:52.090,2022-11-10T22:04:44.091,367,231.0,67,45.0,75,57.0,799,735.0,463,399.0,0,[]
2211102221,144,False,2022-11-10 22:21:12.092,220.1554233049345,18356,B6.6,6.631641440435487e-07,,,2022-11-10T22:19:32.092,2022-11-10T22:21:56.092,271,231.0,57,45.0,75,57.0,799,735.0,431,399.0,0,[]
2211102254,824,False,2022-11-10 22:54:20.096,220.1554233049345,18357,B7.9,7.896607030488667e-07,,,2022-11-10T22:49:48.096,2022-11-10T23:03:32.097,863,231.0,83,45.0,75,57.0,863,735.0,463,399.0,1,[2211108230]
2211102313,692,False,2022-11-10 23:13:40.098,220.1554233049345,18358,B7.7,7.712210390309338e-07,,,2022-11-10T23:09:44.097,2022-11-10T23:21:16.098,607,231.0,99,45.0,75,57.0,863,735.0,463,399.0,1,[2211102795]
2211102325,348,False,2022-11-10 23:25:28.099,220.1554233049345,18359,B7.0,7.029918833723059e-07,,,2022-11-10T23:22:36.099,2022-11-10T23:28:24.099,335,231.0,57,45.0,75,57.0,799,735.0,463,399.0,0,[]
2211102330,136,False,2022-11-10 23:30:28.099,220.1554233049345,18360,B6.8,6.757674100299482e-07,,,2022-11-10T23:29:48.099,2022-11-10T23:32:04.100,335,231.0,61,45.0,67,57.0,799,735.0,463,399.0,0,[]
2211102339,60,False,2022-11-10 23:39:36.100,220.1554233049345,18361,B6.3,6.319228873508109e-07,,,2022-11-10T23:39:16.100,2022-11-10T23:40:16.100,303,231.0,67,45.0,67,57.0,799,735.0,431,399.0,0,[]
2211102357,1524,False,2022-11-10 23:57:12.103,220.1554233049345,18362,B8.9,8.913397095966502e-07,,,2022-11-10T23:45:32.101,2022-11-11T00:10:56.104,671,231.0,215,45.0,135,57.0,799,735.0,463,399.0,1,[2211105581]
2211110015,332,False,2022-11-11 00:15:40.104,220.1554233049345,18363,B7.3,7.319871428990155e-07,,,2022-11-11T00:13:08.104,2022-11-11T00:18:40.105,927,231.0,199,45.0,115,57.0,799,735.0,463,399.0,1,[2211113481]
2211110040,1668,False,2022-11-11 00:40:20.107,220.1554233049345,18364,B9.8,9.795699043024797e-07,,,2022-11-11T00:20:08.105,2022-11-11T00:47:56.108,1343,231.0,231,45.0,91,57.0,863,735.0,463,399.0,1,[2211110188]
2211110116,72,False,2022-11-11 01:16:36.110,220.1554233049345,18365,B5.3,5.301361056808673e-07,,,2022-11-11T01:15:56.110,2022-11-11T01:17:08.110,303,231.0,57,45.0,75,57.0,799,735.0,431,399.0,0,[]
2211110122,48,False,2022-11-11 01:22:40.111,220.1554233049345,18366,,0.0,,,2022-11-11T01:22:04.111,2022-11-11T01:22:52.111,303,231.0,75,45.0,91,57.0,799,735.0,431,399.0,0,[]
2211110147,1712,False,2022-11-11 01:47:20.113,220.1554233049345,18367,C4.6,4.596911367116263e-06,,,2022-11-11T01:27:32.112,2022-11-11T01:56:04.114,47103,231.0,7935,45.0,3199,57.0,2431,735.0,735,399.0,2,"[2211116520, 2211118377]"
2211110217,32,False,2022-11-11 02:17:40.117,220.1554233049345,18368,,0.0,,,2022-11-11T02:17:20.117,2022-11-11T02:17:52.117,399,231.0,75,45.0,67,57.0,799,735.0,431,399.0,0,[]
2211110232,164,False,2022-11-11 02:32:52.118,228.9365881996928,18370,B5.2,5.171955308469478e-07,,,2022-11-11T02:32:00.118,2022-11-11T02:34:44.118,367,247.0,135,45.0,135,57.0,799,735.0,431,399.0,0,[]
2211110313,3772,False,2022-11-11 03:13:36.122,228.9365881996928,18371,C2.5,2.5015049232024467e-06,,,2022-11-11T02:42:40.119,2022-11-11T03:45:32.026,23551,247.0,6399,45.0,4351,57.0,2687,735.0,863,399.0,2,"[2211119603, 2211110829]"
2211110413,244,False,2022-11-11 04:13:16.028,228.9365881996928,18372,B5.5,5.533622697839746e-07,,,2022-11-11T04:12:16.028,2022-11-11T04:16:20.029,367,247.0,67,45.0,75,57.0,799,735.0,463,399.0,0,[]
2211110423,388,False,2022-11-11 04:23:56.030,228.9365881996928,18373,B5.8,5.846475232829107e-07,,,2022-11-11T04:19:16.029,2022-11-11T04:25:44.030,399,247.0,61,45.0,83,57.0,863,735.0,463,399.0,0,[]
2211110437,1708,False,2022-11-11 04:37:16.031,228.9365881996928,18374,C3.3,3.3137143873318564e-06,,,2022-11-11T04:30:48.030,2022-11-11T04:59:16.033,29695,247.0,3455,45.0,991,57.0,1087,735.0,463,399.0,1,[2211117374]
2211110510,484,False,2022-11-11 05:10:24.034,228.9365881996928,18375,B7.8,7.821267331564741e-07,,,2022-11-11T05:06:12.034,2022-11-11T05:14:16.035,1343,247.0,367,45.0,247,57.0,863,735.0,463,399.0,1,[2211113005]
2211110522,376,False,2022-11-11 05:22:48.036,228.9365881996928,18376,B6.5,6.45720035663544e-07,,,2022-11-11T05:21:52.035,2022-11-11T05:28:08.036,1599,247.0,151,45.0,91,57.0,799,735.0,431,399.0,1,[2211116049]
2211110529,68,False,2022-11-11 05:29:32.036,228.9365881996928,18377,B5.6,5.568341521211551e-07,,,2022-11-11T05:29:04.036,2022-11-11T05:30:12.036,463,247.0,67,45.0,75,57.0,799,735.0,431,399.0,0,[]
2211110539,408,False,2022-11-11 05:39:12.037,228.9365881996928,18378,B6.7,6.726313586113974e-07,,,2022-11-11T05:36:04.037,2022-11-11T05:42:52.038,927,247.0,135,45.0,83,57.0,799,735.0,463,399.0,1,[2211113684]
2211110544,188,False,2022-11-11 05:44:56.038,226.3668399931753,18394,B6.5,6.468334845521895e-07,,,2022-11-11T05:44:04.038,2022-11-11T05:47:12.038,543,247.0,107,45.0,67,57.0,799,735.0,431,399.0,1,[2211114587]
2211110552,1680,False,2022-11-11 05:52:08.039,228.9365881996928,18379,C2.0,1.962344640560332e-06,,,2022-11-11T05:43:48.038,2022-11-11T06:11:48.041,9727,247.0,1727,45.0,863,57.0,1087,735.0,463,399.0,2,"[2211114587, 2211117466]"
2211110605,540,False,2022-11-11 06:05:40.040,226.3668399931753,18395,C1.3,1.3381537655732243e-06,,,2022-11-11T05:59:52.039,2022-11-11T06:08:52.040,7423,247.0,927,45.0,183,57.0,799,735.0,431,399.0,1,[2211114587]
2211110613,312,False,2022-11-11 06:13:36.041,228.9365881996928,18380,B7.4,7.425114745274186e-07,,,2022-11-11T06:12:12.041,2022-11-11T06:17:24.041,463,247.0,67,45.0,75,57.0,799,735.0,463,399.0,0,[]
2211110621,60,False,2022-11-11 06:21:04.042,228.9365881996928,18381,B6.5,6.466108288805117e-07,,,2022-11-11T06:20:36.042,2022-11-11T06:21:36.042,303,247.0,67,45.0,75,57.0,799,735.0,431,399.0,0,[]
2211110627,112,False,2022-11-11 06:27:52.042,228.9365881996928,18382,B6.1,6.143911264189228e-07,,,2022-11-11T06:27:00.042,2022-11-11T06:28:52.042,367,247.0,67,45.0,75,57.0,799,735.0,431,399.0,0,[]
2211110636,432,False,2022-11-11 06:36:56.043,228.9365881996928,18383,B6.9,6.900528433106956e-07,,,2022-11-11T06:34:36.043,2022-11-11T06:41:48.044,607,247.0,83,45.0,83,57.0,799,735.0,463,399.0,1,[2211119787]
2211110649,364,False,2022-11-11 06:49:48.044,228.9365881996928,18384,B6.4,6.432483701246383e-07,,,2022-11-11T06:45:40.044,2022-11-11T06:51:44.045,431,247.0,75,45.0,83,57.0,799,735.0,463,399.0,0,[]
2211110709,2380,False,2022-11-11 07:09:24.047,228.9365881996928,18385,M1.2,1.2465329746191856e-05,,,2022-11-11T06:56:36.045,2022-11-11T07:36:16.049,155647,247.0,15871,45.0,3199,57.0,1343,735.0,463,399.0,2,"[2211112659, 2211111306]"
2211110754,1256,False,2022-11-11 07:54:48.051,228.9365881996928,18386,C1.0,1.0350346428822377e-06,,,2022-11-11T07:44:28.050,2022-11-11T08:05:24.052,3711,247.0,463,45.0,167,57.0,863,735.0,463,399.0,2,"[2211118346, 2211114285]"
2211110815,484,False,2022-11-11 08:15:28.053,228.9365881996928,18387,B8.6,8.620145308668725e-07,,,2022-11-11T08:13:16.053,2022-11-11T08:21:20.054,1343,247.0,199,45.0,83,57.0,799,735.0,463,399.0,1,[2211111956]
2211110828,664,False,2022-11-11 08:28:32.055,228.9365881996928,18388,B8.5,8.518234722032503e-07,,,2022-11-11T08:24:08.054,2022-11-11T08:35:12.055,863,247.0,135,45.0,83,57.0,799,735.0,431,399.0,1,[2211111289]
2211110858,112,False,2022-11-11 08:58:40.058,228.9365881996928,18389,B8.9,8.937441293710435e-07,,,2022-11-11T08:57:44.058,2022-11-11T08:59:36.058,431,247.0,75,45.0,75,57.0,799,735.0,431,399.0,1,[2211118567]
2211110906,1144,False,2022-11-11 09:06:16.058,228.9365881996928,18390,C6.0,5.9530425460252445e-06,,,2022-11-11T09:00:28.058,2022-11-11T09:19:32.060,43007,247.0,3199,45.0,1343,57.0,1215,735.0,463,399.0,2,"[2211118567, 2211110255]"
2211110928,528,False,2022-11-11 09:28:36.061,228.9365881996928,18391,C1.5,1.4771359246879e-06,,,2022-11-11T09:24:00.060,2022-11-11T09:32:48.061,3967,247.0,799,45.0,735,57.0,1087,735.0,463,399.0,2,"[2211114687, 2211112001]"
2211110944,1028,False,2022-11-11 09:44:16.062,228.9365881996928,18392,C1.8,1.7583512317287386e-06,,,2022-11-11T09:33:56.061,2022-11-11T09:51:04.063,8703,247.0,1215,45.0,335,57.0,863,735.0,495,399.0,1,[2211114687]
2211110959,92,False,2022-11-11 09:59:36.064,228.9365881996928,18393,B9.5,9.54093707150605e-07,,,2022-11-11T09:58:52.064,2022-11-11T10:00:24.064,399,247.0,107,45.0,83,57.0,799,735.0,431,399.0,0,[]
2211111007,160,False,2022-11-11 10:07:40.065,226.3668399931753,18396,B9.2,9.195489383273524e-07,,,2022-11-11T10:06:20.065,2022-11-11T10:09:00.065,367,247.0,67,45.0,75,57.0,799,735.0,463,399.0,0,[]
2211111019,312,False,2022-11-11 10:19:24.066,226.3668399931753,18397,C1.1,1.0579326499282615e-06,,,2022-11-11T10:16:52.066,2022-11-11T10:22:04.066,1087,247.0,135,45.0,83,57.0,799,735.0,463,399.0,1,[2211113155]
2211111028,188,False,2022-11-11 10:28:36.067,226.3668399931753,18398,B9.0,8.997662916954141e-07,,,2022-11-11T10:27:12.067,2022-11-11T10:30:20.067,671,247.0,83,45.0,75,57.0,863,735.0,431,399.0,0,[]
2211111044,476,False,2022-11-11 10:44:16.069,226.3668399931753,18399,C1.3,1.2699010767391885e-06,,,2022-11-11T10:41:16.068,2022-11-11T10:49:12.069,3967,247.0,463,45.0,135,57.0,863,735.0,431,399.0,1,[2211112382]
2211111056,616,False,2022-11-11 10:56:16.070,226.3668399931753,18400,B9.3,9.303309411734516e-07,,,2022-11-11T10:49:48.069,2022-11-11T11:00:04.070,543,247.0,123,45.0,91,57.0,863,735.0,463,399.0,1,[2211117066]
2211111136,3436,False,2022-11-11 11:36:56.074,226.3668399931753,18401,M1.2,1.2250230611243753e-05,,,2022-11-11T11:12:56.072,2022-11-11T12:10:12.077,155647,247.0,23551,45.0,6399,57.0,3199,735.0,863,399.0,3,"[2211116471, 2211114421, 2211112966]"
2211111224,296,False,2022-11-11 12:24:28.079,226.3668399931753,18402,B7.2,7.196193223535374e-07,,,2022-11-11T12:22:36.079,2022-11-11T12:27:32.079,303,247.0,57,45.0,75,57.0,863,735.0,431,399.0,0,[]
2211111239,76,False,2022-11-11 12:39:52.080,226.3668399931753,18403,B7.4,7.401104085147381e-07,,,2022-11-11T12:39:16.080,2022-11-11T12:40:32.080,335,247.0,53,45.0,67,57.0,799,735.0,431,399.0,0,[]
2211111245,336,False,2022-11-11 12:45:16.081,226.3668399931753,18404,B7.4,7.434833264596818e-07,,,2022-11-11T12:42:16.081,2022-11-11T12:47:52.081,303,247.0,61,45.0,75,57.0,799,735.0,431,399.0,0,[]
2211111325,232,False,2022-11-11 13:25:00.085,226.3668399931753,18405,B6.9,6.869888125038415e-07,,,2022-11-11T13:24:04.085,2022-11-11T13:27:56.085,335,247.0,57,45.0,75,57.0,799,735.0,431,399.0,0,[]
2211111346,1372,False,2022-11-11 13:46:32.087,226.3668399931753,18406,C1.4,1.3637313713843469e-06,,,2022-11-11T13:32:56.086,2022-11-11T13:55:48.088,12799,247.0,3199,45.0,1215,57.0,991,735.0,463,399.0,1,[2211110132]
2211111357,680,False,2022-11-11 13:57:11.995,226.3668399931753,18407,B8.0,7.958662990859011e-07,,,2022-11-11T13:55:48.088,2022-11-11T14:07:07.996,991,247.0,335,45.0,199,57.0,863,735.0,463,399.0,1,[2211118828]
2211111441,364,False,2022-11-11 14:41:19.993,226.3668399931753,18408,B6.1,6.111042125667154e-07,,,2022-11-11T14:38:39.993,2022-11-11T14:44:43.993,367,247.0,67,45.0,75,57.0,799,735.0,463,399.0,0,[]
2211111506,92,False,2022-11-11 15:06:23.996,226.3668399931753,18409,B5.7,5.678055003954796e-07,,,2022-11-11T15:05:51.996,2022-11-11T15:07:23.996,303,247.0,67,45.0,75,57.0,799,735.0,463,399.0,0,[]
2211111523,496,False,2022-11-11 15:23:51.998,226.3668399931753,18410,B6.1,6.146404416540463e-07,,,2022-11-11T15:20:03.997,2022-11-11T15:28:19.998,399,247.0,115,45.0,83,57.0,863,735.0,431,399.0,0,[]
2211111535,160,False,2022-11-11 15:35:35.999,226.3668399931753,18411,B5.8,5.785541929981264e-07,,,2022-11-11T15:34:23.999,2022-11-11T15:37:03.999,367,247.0,91,45.0,75,57.0,799,735.0,431,399.0,0,[]
2211111609,100,False,2022-11-11 16:09:48.002,226.3668399931753,18412,B5.8,5.812217978018452e-07,,,2022-11-11T16:08:48.002,2022-11-11T16:10:28.002,303,247.0,67,45.0,75,57.0,799,735.0,463,399.0,0,[]
2211111618,268,False,2022-11-11 16:18:32.003,226.3668399931753,18413,B6.4,6.359288136081886e-07,,,2022-11-11T16:16:52.003,2022-11-11T16:21:20.003,495,247.0,83,45.0,75,57.0,863,735.0,431,399.0,0,[]
2211111639,208,False,2022-11-11 16:39:08.005,226.3668399931753,18414,B6.3,6.320922807390161e-07,,,2022-11-11T16:37:52.005,2022-11-11T16:41:20.005,335,247.0,61,45.0,75,57.0,799,735.0,431,399.0,0,[]
2211111652,512,False,2022-11-11 16:52:08.006,226.3668399931753,18415,B6.1,6.126951461737917e-07,,,2022-11-11T16:46:16.006,2022-11-11T16:54:48.007,367,247.0,67,45.0,83,57.0,863,735.0,431,399.0,0,[]
2211111702,408,False,2022-11-11 17:02:00.007,226.3668399931753,18416,B5.9,5.946175747340021e-07,,,2022-11-11T17:00:28.007,2022-11-11T17:07:16.008,367,247.0,67,45.0,75,57.0,799,735.0,431,399.0,0,[]
2211111747,1624,False,2022-11-11 17:47:24.012,226.3668399931753,18417,C1.6,1.5764828731335e-06,,,2022-11-11T17:30:12.010,2022-11-11T17:57:16.013,5375,247.0,671,45.0,167,57.0,863,735.0,463,399.0,1,[2211116710]
2211111805,636,False,2022-11-11 18:05:24.014,226.3668399931753,18418,C1.5,1.458950691812788e-06,,,2022-11-11T18:03:28.014,2022-11-11T18:14:04.015,4863,247.0,367,45.0,135,57.0,799,735.0,463,399.0,1,[2211118056]
2211111825,68,False,2022-11-11 18:25:16.016,226.3668399931753,18419,B8.3,8.307465577672701e-07,,,2022-11-11T18:24:28.016,2022-11-11T18:25:36.016,1599,247.0,367,45.0,199,57.0,799,735.0,431,399.0,1,[2211115828]
2211112006,728,False,2022-11-11 20:06:04.026,230.04934936816232,18420,B8.0,8.048405675253889e-07,,,2022-11-11T20:00:12.026,2022-11-11T20:12:20.027,607,247.0,75,45.0,83,57.0,799,735.0,431,399.0,1,[2211119540]
2211112027,428,False,2022-11-11 20:27:32.028,230.04934936816232,18421,B6.5,6.482747494374053e-07,,,2022-11-11T20:25:00.028,2022-11-11T20:32:08.029,303,247.0,67,45.0,83,57.0,799,735.0,463,399.0,0,[]
2211112034,160,False,2022-11-11 20:34:28.029,230.04934936816232,18422,B6.6,6.581556135643041e-07,,,2022-11-11T20:32:56.029,2022-11-11T20:35:36.029,335,247.0,67,45.0,75,57.0,799,735.0,463,399.0,0,[]
2211112040,116,False,2022-11-11 20:40:32.030,230.04934936816232,18423,B6.5,6.457987069552473e-07,,,2022-11-11T20:39:52.030,2022-11-11T20:41:48.030,303,247.0,61,45.0,67,57.0,799,735.0,431,399.0,0,[]
2211112119,500,False,2022-11-11 21:19:15.934,230.04934936816232,18424,B6.7,6.670888978987932e-07,,,2022-11-11T21:15:03.933,2022-11-11T21:23:23.934,335,247.0,67,45.0,75,57.0,799,735.0,431,399.0,0,[]
2211112147,776,False,2022-11-11 21:47:51.937,230.04934936816232,18425,B7.7,7.720208259343053e-07,,,2022-11-11T21:43:11.936,2022-11-11T21:56:07.937,735,247.0,99,45.0,75,57.0,799,735.0,431,399.0,1,[2211112507]
2211112207,412,False,2022-11-11 22:07:31.939,230.04934936816232,18426,B7.5,7.468237299690372e-07,,,2022-11-11T22:05:19.938,2022-11-11T22:12:11.939,399,247.0,67,45.0,75,57.0,799,735.0,463,399.0,0,[]
2211112226,1632,False,2022-11-11 22:26:51.941,230.04934936816232,18427,C1.2,1.1544565268195583e-06,,,2022-11-11T22:18:43.940,2022-11-11T22:45:55.943,1471,247.0,115,45.0,83,57.0,799,735.0,431,399.0,1,[2211113044]
2211112315,1564,False,2022-11-11 23:15:11.946,230.04934936816232,18428,B9.6,9.577188393450342e-07,,,2022-11-11T23:00:47.944,2022-11-11T23:26:51.947,735,247.0,75,45.0,83,57.0,863,735.0,463,399.0,1,[2211118361]
